-- phpMyAdmin SQL Dump
-- version 4.5.1
-- http://www.phpmyadmin.net
--
-- Host: 127.0.0.1
-- Generation Time: Jun 03, 2017 at 08:26 PM
-- Server version: 10.1.19-MariaDB
-- PHP Version: 7.0.13

SET SQL_MODE = "NO_AUTO_VALUE_ON_ZERO";
SET time_zone = "+00:00";


/*!40101 SET @OLD_CHARACTER_SET_CLIENT=@@CHARACTER_SET_CLIENT */;
/*!40101 SET @OLD_CHARACTER_SET_RESULTS=@@CHARACTER_SET_RESULTS */;
/*!40101 SET @OLD_COLLATION_CONNECTION=@@COLLATION_CONNECTION */;
/*!40101 SET NAMES utf8mb4 */;

--
-- Database: `spokesman`
--

-- --------------------------------------------------------

--
-- Table structure for table `categories`
--

CREATE TABLE `categories` (
  `id` int(10) UNSIGNED NOT NULL,
  `location` varchar(191) COLLATE utf8mb4_unicode_ci DEFAULT NULL,
  `slug` varchar(191) COLLATE utf8mb4_unicode_ci NOT NULL,
  `name` varchar(191) COLLATE utf8mb4_unicode_ci NOT NULL,
  `description` text COLLATE utf8mb4_unicode_ci,
  `display_order` int(11) NOT NULL DEFAULT '0',
  `status` tinyint(1) NOT NULL DEFAULT '0',
  `created_at` timestamp NULL DEFAULT NULL,
  `updated_at` timestamp NULL DEFAULT NULL
) ENGINE=InnoDB DEFAULT CHARSET=utf8mb4 COLLATE=utf8mb4_unicode_ci;

--
-- Dumping data for table `categories`
--

INSERT INTO `categories` (`id`, `location`, `slug`, `name`, `description`, `display_order`, `status`, `created_at`, `updated_at`) VALUES
(1, 'below_header', 'technology', 'Technology', 'Aut necessitatibus totam minus dolorem quam veniam omnis quis. Dolorem cumque amet unde magnam quia saepe totam. Sit voluptatibus iste sit. Debitis accusamus velit consectetur sint debitis numquam reiciendis dolorem.\nSit qui dolorem eos. Architecto accusamus vel sequi fugiat. Iste et et ut voluptas dolore neque molestiae.', 7, 1, '2017-05-23 15:39:13', '2017-06-01 15:26:29'),
(2, 'below_header', 'punjab', 'Punjab', 'Eius et itaque ut est. Enim maiores dolorum in eligendi. Assumenda officia aut neque neque. Et quo iure atque debitis.\nQuia id est temporibus sapiente nisi amet minima. Qui aut iusto quod quia animi ut velit. Pariatur nostrum exercitationem eaque ut accusantium.\nEnim voluptatum non consequatur corrupti ad. Voluptatem commodi enim quibusdam dolorem. Et incidunt non alias voluptatem molestiae quae nesciunt laboriosam. Hic quo officia et impedit.', 1, 1, '2017-05-23 15:39:14', '2017-06-01 15:24:45'),
(3, 'below_header', 'fashion', 'Fashion', 'Culpa sint nihil enim. Ullam distinctio alias est illo voluptatum. Earum aperiam consequatur consequatur tenetur omnis. Excepturi qui et cum dolor.\nVelit modi inventore dolorem cupiditate est iusto nesciunt. Eveniet deleniti suscipit totam libero.\nVoluptas accusamus accusamus ea officia aut est qui. Deleniti alias cupiditate quam distinctio vero qui commodi. Dolores ut ad cum velit. Magni recusandae omnis qui consequuntur iste. Est libero tempore sunt vero consequatur iusto.', 8, 1, '2017-05-23 15:39:14', '2017-06-01 15:26:41'),
(4, 'below_header', 'environment', 'Environment', 'Enim fugiat deleniti nisi ab necessitatibus veritatis. Ut cum aperiam qui quia suscipit. Sequi accusamus in aspernatur et. Maxime libero veniam dolorem voluptatibus et et molestias. Magnam unde veritatis cum sit.\nQuae quam at necessitatibus et dolor sed. Magnam omnis sunt nostrum aut aliquid. Sit accusantium dolores accusantium error minus. Dolores inventore culpa dolorem aut consequatur ut tempora.', 9, 1, '2017-05-23 15:39:14', '2017-06-01 15:26:35'),
(5, 'below_header', 'top', 'Top', 'Sed enim aperiam molestias et necessitatibus ipsam. Magni est est et saepe ut et. Cupiditate qui necessitatibus eum sed. Iure ea explicabo cupiditate dolores.\nMolestiae corrupti laborum molestiae facilis aspernatur. Nobis quo eum sed saepe sequi a est facilis. Magnam dolor doloremque facilis nihil eum vero possimus. Neque labore et qui sequi quisquam.\nVel quidem molestiae quasi nostrum. Qui quo rerum eum consequuntur. Aut unde omnis sit illo. Pariatur rerum facilis omnis fugit.', 6, 1, '2017-05-23 15:39:14', '2017-06-01 15:25:36'),
(6, 'below_header', 'india', 'India', 'Repellendus et ullam est voluptatem veniam porro. Nihil qui velit ea id. Tempora suscipit nisi qui mollitia.\nPerspiciatis atque veniam autem voluptas est aut temporibus. Recusandae officia pariatur blanditiis cupiditate rerum. Est aliquid dolorum sint culpa quisquam expedita aut. Temporibus ipsa officiis nobis numquam illum beatae voluptatum. Voluptas veritatis id autem qui nihil.', 2, 1, '2017-05-23 15:39:14', '2017-06-01 15:24:53'),
(7, 'below_header', 'business', 'Business', 'Accusamus unde quidem quos nisi. Harum eius exercitationem atque molestiae accusamus itaque. Voluptatum est enim aut facere sed repellat.\nMinima deleniti dolor quis magnam officiis asperiores. Dolor sint labore aliquid eius. Perspiciatis repudiandae aperiam molestiae quis possimus. Vitae alias cum possimus in et dolorem.\nCommodi et sint voluptatem eos. Dolorum omnis provident sed. Ut magnam recusandae quia dignissimos autem molestiae rerum enim.', 4, 1, '2017-05-23 15:39:14', '2017-06-01 15:25:13'),
(8, 'below_header', 'politics', 'Politics', 'Et sit distinctio est provident doloribus consequatur enim. Enim ducimus molestias ipsam quis eum perspiciatis perferendis. Dolorem molestiae voluptas in.\nBlanditiis officiis illo sint hic ad. Non sint nemo necessitatibus corrupti officiis consequatur. Excepturi eligendi harum libero quaerat iure dolore. Ut nam est quibusdam optio possimus.\nEt et odio corrupti laboriosam maiores. Excepturi id voluptate dolor corrupti vel ea. Expedita nostrum dolor dolor hic sed. Quo accusamus distinctio dolor.', 5, 1, '2017-05-23 15:39:14', '2017-06-01 15:25:26'),
(9, 'below_header', 'world', 'World', 'Eius asperiores consequatur aut voluptates. Sit est magnam libero blanditiis explicabo. Quas quia architecto eos.\nEst vel ut laboriosam in voluptatem labore sunt corporis. Iusto facere velit sit enim iure tenetur quidem. Hic perspiciatis itaque dolor velit est.\nNumquam et aliquam tenetur iusto. Explicabo porro exercitationem atque error nostrum. Quis ipsa temporibus non aut cum quae quod.', 3, 1, '2017-05-23 15:39:14', '2017-06-01 15:25:02'),
(10, 'header', 'culture', 'Culture', 'Modi ut eveniet laudantium placeat. Praesentium praesentium molestiae consequatur ex voluptate. Nobis ea et est non. Et esse iure sit fugiat.\nDignissimos et in facere aliquam cum perferendis. Perferendis reprehenderit voluptatibus doloribus aliquid rerum aut mollitia. Expedita praesentium nulla sunt quas totam. Consectetur possimus quis vitae sequi temporibus ut. Odit eum labore delectus ex maiores.', 2, 1, '2017-05-23 15:39:14', '2017-06-01 15:23:15'),
(11, 'header', 'sports', 'Sports', 'Voluptas deleniti nostrum saepe eos atque quam sed. Ut dolorum ex doloremque ut. Quibusdam qui aut ab repellat.\nMagni rerum hic non dolor atque doloremque qui aut. Commodi et velit quia non nesciunt. Impedit in est eum mollitia adipisci ea.\nReprehenderit sed magnam eos aliquid laborum aut est nulla. Deserunt non dolor perferendis autem error dignissimos esse. Eos quam ipsam culpa culpa id amet est necessitatibus.', 1, 1, '2017-05-23 15:39:14', '2017-06-01 16:28:11'),
(12, 'header', 'entertainment', 'Entertainment', NULL, 4, 1, '2017-05-31 16:26:33', '2017-06-01 15:23:48'),
(13, 'header', 'lifestyle', 'Lifestyle', NULL, 3, 1, '2017-05-31 16:28:34', '2017-06-01 15:23:30'),
(14, 'header', 'travel', 'Travel', NULL, 5, 1, '2017-05-31 16:29:49', '2017-06-01 15:23:58'),
(15, 'header', 'art-design', 'Art & Design', NULL, 6, 1, '2017-05-31 16:30:26', '2017-06-01 15:24:12'),
(16, 'header', 'weather', 'Weather', NULL, 7, 1, '2017-05-31 16:30:45', '2017-06-01 15:24:26'),
(17, 'header', 'health', 'Health', NULL, 8, 1, '2017-05-31 16:31:02', '2017-06-01 15:24:29');

-- --------------------------------------------------------

--
-- Table structure for table `category_post`
--

CREATE TABLE `category_post` (
  `id` int(10) UNSIGNED NOT NULL,
  `category_id` int(10) UNSIGNED NOT NULL,
  `post_id` int(10) UNSIGNED NOT NULL,
  `created_at` timestamp NULL DEFAULT NULL,
  `updated_at` timestamp NULL DEFAULT NULL
) ENGINE=InnoDB DEFAULT CHARSET=utf8mb4 COLLATE=utf8mb4_unicode_ci;

--
-- Dumping data for table `category_post`
--

INSERT INTO `category_post` (`id`, `category_id`, `post_id`, `created_at`, `updated_at`) VALUES
(762, 1, 657, '2017-06-03 09:19:52', '2017-06-03 09:19:52'),
(763, 2, 657, '2017-06-03 09:19:52', '2017-06-03 09:19:52'),
(764, 3, 657, '2017-06-03 09:19:52', '2017-06-03 09:19:52'),
(765, 4, 657, '2017-06-03 09:19:52', '2017-06-03 09:19:52'),
(766, 5, 657, '2017-06-03 09:19:52', '2017-06-03 09:19:52'),
(767, 6, 657, '2017-06-03 09:19:52', '2017-06-03 09:19:52'),
(768, 7, 657, '2017-06-03 09:19:52', '2017-06-03 09:19:52'),
(769, 8, 657, '2017-06-03 09:19:52', '2017-06-03 09:19:52'),
(770, 9, 657, '2017-06-03 09:19:52', '2017-06-03 09:19:52'),
(771, 1, 658, '2017-06-03 09:21:17', '2017-06-03 09:21:17'),
(772, 2, 658, '2017-06-03 09:21:17', '2017-06-03 09:21:17'),
(773, 3, 658, '2017-06-03 09:21:18', '2017-06-03 09:21:18'),
(774, 4, 658, '2017-06-03 09:21:18', '2017-06-03 09:21:18'),
(775, 5, 658, '2017-06-03 09:21:18', '2017-06-03 09:21:18'),
(776, 6, 658, '2017-06-03 09:21:18', '2017-06-03 09:21:18'),
(777, 7, 658, '2017-06-03 09:21:18', '2017-06-03 09:21:18'),
(778, 8, 658, '2017-06-03 09:21:18', '2017-06-03 09:21:18'),
(779, 9, 658, '2017-06-03 09:21:18', '2017-06-03 09:21:18'),
(780, 2, 659, '2017-06-03 09:22:24', '2017-06-03 09:22:24'),
(781, 8, 659, '2017-06-03 09:23:16', '2017-06-03 09:23:16'),
(782, 12, 659, '2017-06-03 09:23:16', '2017-06-03 09:23:16'),
(783, 13, 659, '2017-06-03 09:23:16', '2017-06-03 09:23:16'),
(784, 10, 660, '2017-06-03 09:25:00', '2017-06-03 09:25:00'),
(785, 15, 660, '2017-06-03 09:25:01', '2017-06-03 09:25:01'),
(786, 16, 660, '2017-06-03 09:25:01', '2017-06-03 09:25:01'),
(787, 17, 660, '2017-06-03 09:25:01', '2017-06-03 09:25:01'),
(788, 5, 661, '2017-06-03 09:26:43', '2017-06-03 09:26:43'),
(789, 6, 661, '2017-06-03 09:26:43', '2017-06-03 09:26:43'),
(790, 7, 661, '2017-06-03 09:26:43', '2017-06-03 09:26:43'),
(791, 9, 661, '2017-06-03 09:26:43', '2017-06-03 09:26:43'),
(792, 1, 662, '2017-06-03 09:28:47', '2017-06-03 09:28:47'),
(793, 3, 662, '2017-06-03 09:28:47', '2017-06-03 09:28:47'),
(794, 4, 662, '2017-06-03 09:28:48', '2017-06-03 09:28:48'),
(795, 14, 662, '2017-06-03 09:28:48', '2017-06-03 09:28:48'),
(796, 1, 663, '2017-06-03 09:34:33', '2017-06-03 09:34:33'),
(797, 2, 663, '2017-06-03 09:34:33', '2017-06-03 09:34:33'),
(798, 3, 663, '2017-06-03 09:34:33', '2017-06-03 09:34:33'),
(799, 4, 663, '2017-06-03 09:34:33', '2017-06-03 09:34:33'),
(800, 5, 663, '2017-06-03 09:34:33', '2017-06-03 09:34:33'),
(801, 6, 663, '2017-06-03 09:34:33', '2017-06-03 09:34:33'),
(802, 7, 663, '2017-06-03 09:34:33', '2017-06-03 09:34:33'),
(803, 8, 663, '2017-06-03 09:34:33', '2017-06-03 09:34:33'),
(804, 9, 663, '2017-06-03 09:34:33', '2017-06-03 09:34:33'),
(805, 1, 664, '2017-06-03 09:37:21', '2017-06-03 09:37:21'),
(806, 2, 664, '2017-06-03 09:37:22', '2017-06-03 09:37:22'),
(807, 3, 664, '2017-06-03 09:37:22', '2017-06-03 09:37:22'),
(808, 4, 664, '2017-06-03 09:37:22', '2017-06-03 09:37:22'),
(809, 5, 664, '2017-06-03 09:37:22', '2017-06-03 09:37:22'),
(810, 6, 664, '2017-06-03 09:37:22', '2017-06-03 09:37:22'),
(811, 7, 664, '2017-06-03 09:37:22', '2017-06-03 09:37:22'),
(812, 8, 664, '2017-06-03 09:37:22', '2017-06-03 09:37:22'),
(813, 9, 664, '2017-06-03 09:37:22', '2017-06-03 09:37:22'),
(814, 1, 665, '2017-06-03 09:38:53', '2017-06-03 09:38:53'),
(815, 2, 665, '2017-06-03 09:38:53', '2017-06-03 09:38:53'),
(816, 3, 665, '2017-06-03 09:38:53', '2017-06-03 09:38:53'),
(817, 4, 665, '2017-06-03 09:38:53', '2017-06-03 09:38:53'),
(818, 5, 665, '2017-06-03 09:38:54', '2017-06-03 09:38:54'),
(819, 6, 665, '2017-06-03 09:38:54', '2017-06-03 09:38:54'),
(820, 7, 665, '2017-06-03 09:38:54', '2017-06-03 09:38:54'),
(821, 8, 665, '2017-06-03 09:38:54', '2017-06-03 09:38:54'),
(822, 9, 665, '2017-06-03 09:38:54', '2017-06-03 09:38:54'),
(823, 10, 666, '2017-06-03 09:43:48', '2017-06-03 09:43:48'),
(824, 11, 666, '2017-06-03 09:43:48', '2017-06-03 09:43:48'),
(825, 12, 666, '2017-06-03 09:43:48', '2017-06-03 09:43:48'),
(826, 13, 666, '2017-06-03 09:43:48', '2017-06-03 09:43:48'),
(827, 14, 666, '2017-06-03 09:43:48', '2017-06-03 09:43:48'),
(828, 15, 666, '2017-06-03 09:43:48', '2017-06-03 09:43:48'),
(829, 16, 666, '2017-06-03 09:43:48', '2017-06-03 09:43:48'),
(830, 17, 666, '2017-06-03 09:43:48', '2017-06-03 09:43:48'),
(831, 10, 667, '2017-06-03 09:47:32', '2017-06-03 09:47:32'),
(832, 11, 667, '2017-06-03 09:47:32', '2017-06-03 09:47:32'),
(833, 12, 667, '2017-06-03 09:47:32', '2017-06-03 09:47:32'),
(834, 13, 667, '2017-06-03 09:47:32', '2017-06-03 09:47:32'),
(835, 14, 667, '2017-06-03 09:47:32', '2017-06-03 09:47:32'),
(836, 15, 667, '2017-06-03 09:47:32', '2017-06-03 09:47:32'),
(837, 16, 667, '2017-06-03 09:47:32', '2017-06-03 09:47:32'),
(838, 17, 667, '2017-06-03 09:47:32', '2017-06-03 09:47:32'),
(839, 10, 668, '2017-06-03 09:48:45', '2017-06-03 09:48:45'),
(840, 11, 668, '2017-06-03 09:48:45', '2017-06-03 09:48:45'),
(841, 12, 668, '2017-06-03 09:48:45', '2017-06-03 09:48:45'),
(842, 13, 668, '2017-06-03 09:48:45', '2017-06-03 09:48:45'),
(843, 14, 668, '2017-06-03 09:48:45', '2017-06-03 09:48:45'),
(844, 15, 668, '2017-06-03 09:48:45', '2017-06-03 09:48:45'),
(845, 16, 668, '2017-06-03 09:48:45', '2017-06-03 09:48:45'),
(846, 17, 668, '2017-06-03 09:48:45', '2017-06-03 09:48:45'),
(847, 10, 669, '2017-06-03 09:54:27', '2017-06-03 09:54:27'),
(848, 11, 669, '2017-06-03 09:54:28', '2017-06-03 09:54:28'),
(849, 12, 669, '2017-06-03 09:54:28', '2017-06-03 09:54:28'),
(850, 13, 669, '2017-06-03 09:54:28', '2017-06-03 09:54:28'),
(851, 14, 669, '2017-06-03 09:54:28', '2017-06-03 09:54:28'),
(852, 15, 669, '2017-06-03 09:54:28', '2017-06-03 09:54:28'),
(853, 16, 669, '2017-06-03 09:54:28', '2017-06-03 09:54:28'),
(854, 17, 669, '2017-06-03 09:54:28', '2017-06-03 09:54:28'),
(855, 10, 670, '2017-06-03 12:15:03', '2017-06-03 12:15:03'),
(856, 11, 670, '2017-06-03 12:15:03', '2017-06-03 12:15:03'),
(857, 12, 670, '2017-06-03 12:15:03', '2017-06-03 12:15:03'),
(858, 13, 670, '2017-06-03 12:15:03', '2017-06-03 12:15:03'),
(859, 14, 670, '2017-06-03 12:15:03', '2017-06-03 12:15:03'),
(860, 15, 670, '2017-06-03 12:15:03', '2017-06-03 12:15:03'),
(861, 16, 670, '2017-06-03 12:15:03', '2017-06-03 12:15:03'),
(862, 17, 670, '2017-06-03 12:15:03', '2017-06-03 12:15:03'),
(863, 4, 671, '2017-06-03 12:23:16', '2017-06-03 12:23:16'),
(864, 16, 671, '2017-06-03 12:23:16', '2017-06-03 12:23:16'),
(865, 12, 671, '2017-06-03 12:23:16', '2017-06-03 12:23:16'),
(866, 15, 671, '2017-06-03 12:23:16', '2017-06-03 12:23:16'),
(867, 4, 672, '2017-06-03 12:23:16', '2017-06-03 12:23:16'),
(868, 12, 672, '2017-06-03 12:23:16', '2017-06-03 12:23:16'),
(869, 17, 672, '2017-06-03 12:23:16', '2017-06-03 12:23:16'),
(870, 10, 672, '2017-06-03 12:23:16', '2017-06-03 12:23:16'),
(871, 8, 673, '2017-06-03 12:23:16', '2017-06-03 12:23:16'),
(872, 9, 673, '2017-06-03 12:23:16', '2017-06-03 12:23:16'),
(873, 1, 673, '2017-06-03 12:23:16', '2017-06-03 12:23:16'),
(874, 11, 673, '2017-06-03 12:23:16', '2017-06-03 12:23:16'),
(875, 9, 674, '2017-06-03 12:23:16', '2017-06-03 12:23:16'),
(876, 5, 674, '2017-06-03 12:23:16', '2017-06-03 12:23:16'),
(877, 15, 674, '2017-06-03 12:23:16', '2017-06-03 12:23:16'),
(878, 14, 674, '2017-06-03 12:23:16', '2017-06-03 12:23:16'),
(879, 11, 675, '2017-06-03 12:23:16', '2017-06-03 12:23:16'),
(880, 8, 675, '2017-06-03 12:23:16', '2017-06-03 12:23:16'),
(881, 17, 675, '2017-06-03 12:23:16', '2017-06-03 12:23:16'),
(882, 6, 675, '2017-06-03 12:23:16', '2017-06-03 12:23:16'),
(883, 2, 676, '2017-06-03 12:23:16', '2017-06-03 12:23:16'),
(884, 3, 676, '2017-06-03 12:23:16', '2017-06-03 12:23:16'),
(885, 1, 676, '2017-06-03 12:23:16', '2017-06-03 12:23:16'),
(886, 15, 676, '2017-06-03 12:23:17', '2017-06-03 12:23:17'),
(887, 7, 677, '2017-06-03 12:23:17', '2017-06-03 12:23:17'),
(888, 1, 677, '2017-06-03 12:23:17', '2017-06-03 12:23:17'),
(889, 10, 677, '2017-06-03 12:23:17', '2017-06-03 12:23:17'),
(890, 15, 677, '2017-06-03 12:23:17', '2017-06-03 12:23:17'),
(891, 3, 678, '2017-06-03 12:23:17', '2017-06-03 12:23:17'),
(892, 4, 678, '2017-06-03 12:23:17', '2017-06-03 12:23:17'),
(893, 6, 678, '2017-06-03 12:23:17', '2017-06-03 12:23:17'),
(894, 14, 678, '2017-06-03 12:23:17', '2017-06-03 12:23:17'),
(895, 10, 679, '2017-06-03 12:23:17', '2017-06-03 12:23:17'),
(896, 11, 679, '2017-06-03 12:23:17', '2017-06-03 12:23:17'),
(897, 14, 679, '2017-06-03 12:23:17', '2017-06-03 12:23:17'),
(898, 15, 679, '2017-06-03 12:23:17', '2017-06-03 12:23:17'),
(899, 11, 680, '2017-06-03 12:23:17', '2017-06-03 12:23:17'),
(900, 17, 680, '2017-06-03 12:23:17', '2017-06-03 12:23:17'),
(901, 14, 680, '2017-06-03 12:23:17', '2017-06-03 12:23:17'),
(902, 16, 680, '2017-06-03 12:23:17', '2017-06-03 12:23:17'),
(903, 3, 681, '2017-06-03 12:23:17', '2017-06-03 12:23:17'),
(904, 11, 681, '2017-06-03 12:23:17', '2017-06-03 12:23:17'),
(905, 6, 681, '2017-06-03 12:23:17', '2017-06-03 12:23:17'),
(906, 16, 681, '2017-06-03 12:23:17', '2017-06-03 12:23:17'),
(907, 16, 682, '2017-06-03 12:23:17', '2017-06-03 12:23:17'),
(908, 14, 682, '2017-06-03 12:23:17', '2017-06-03 12:23:17'),
(909, 3, 682, '2017-06-03 12:23:17', '2017-06-03 12:23:17'),
(910, 12, 682, '2017-06-03 12:23:17', '2017-06-03 12:23:17'),
(911, 10, 683, '2017-06-03 12:23:17', '2017-06-03 12:23:17'),
(912, 6, 683, '2017-06-03 12:23:17', '2017-06-03 12:23:17'),
(913, 7, 683, '2017-06-03 12:23:17', '2017-06-03 12:23:17'),
(914, 9, 683, '2017-06-03 12:23:17', '2017-06-03 12:23:17'),
(915, 15, 684, '2017-06-03 12:23:17', '2017-06-03 12:23:17'),
(916, 1, 684, '2017-06-03 12:23:17', '2017-06-03 12:23:17'),
(917, 11, 684, '2017-06-03 12:23:17', '2017-06-03 12:23:17'),
(918, 16, 684, '2017-06-03 12:23:17', '2017-06-03 12:23:17'),
(919, 17, 685, '2017-06-03 12:23:17', '2017-06-03 12:23:17'),
(920, 6, 685, '2017-06-03 12:23:17', '2017-06-03 12:23:17'),
(921, 3, 685, '2017-06-03 12:23:17', '2017-06-03 12:23:17'),
(922, 15, 685, '2017-06-03 12:23:17', '2017-06-03 12:23:17'),
(923, 11, 686, '2017-06-03 12:23:17', '2017-06-03 12:23:17'),
(924, 2, 686, '2017-06-03 12:23:18', '2017-06-03 12:23:18'),
(925, 7, 686, '2017-06-03 12:23:18', '2017-06-03 12:23:18'),
(926, 5, 686, '2017-06-03 12:23:18', '2017-06-03 12:23:18'),
(927, 8, 687, '2017-06-03 12:23:18', '2017-06-03 12:23:18'),
(928, 12, 687, '2017-06-03 12:23:18', '2017-06-03 12:23:18'),
(929, 1, 687, '2017-06-03 12:23:18', '2017-06-03 12:23:18'),
(930, 4, 687, '2017-06-03 12:23:18', '2017-06-03 12:23:18'),
(931, 6, 688, '2017-06-03 12:23:18', '2017-06-03 12:23:18'),
(932, 7, 688, '2017-06-03 12:23:18', '2017-06-03 12:23:18'),
(933, 11, 688, '2017-06-03 12:23:18', '2017-06-03 12:23:18'),
(934, 3, 688, '2017-06-03 12:23:18', '2017-06-03 12:23:18'),
(935, 5, 689, '2017-06-03 12:23:18', '2017-06-03 12:23:18'),
(936, 13, 689, '2017-06-03 12:23:18', '2017-06-03 12:23:18'),
(937, 6, 689, '2017-06-03 12:23:18', '2017-06-03 12:23:18'),
(938, 12, 689, '2017-06-03 12:23:18', '2017-06-03 12:23:18'),
(939, 5, 690, '2017-06-03 12:23:18', '2017-06-03 12:23:18'),
(940, 13, 690, '2017-06-03 12:23:18', '2017-06-03 12:23:18'),
(941, 17, 690, '2017-06-03 12:23:18', '2017-06-03 12:23:18'),
(942, 14, 690, '2017-06-03 12:23:18', '2017-06-03 12:23:18'),
(943, 6, 691, '2017-06-03 12:23:18', '2017-06-03 12:23:18'),
(944, 9, 691, '2017-06-03 12:23:18', '2017-06-03 12:23:18'),
(945, 16, 691, '2017-06-03 12:23:18', '2017-06-03 12:23:18'),
(946, 14, 691, '2017-06-03 12:23:18', '2017-06-03 12:23:18'),
(947, 15, 692, '2017-06-03 12:23:18', '2017-06-03 12:23:18'),
(948, 17, 692, '2017-06-03 12:23:18', '2017-06-03 12:23:18'),
(949, 16, 692, '2017-06-03 12:23:18', '2017-06-03 12:23:18'),
(950, 6, 692, '2017-06-03 12:23:18', '2017-06-03 12:23:18'),
(951, 3, 693, '2017-06-03 12:23:18', '2017-06-03 12:23:18'),
(952, 4, 693, '2017-06-03 12:23:18', '2017-06-03 12:23:18'),
(953, 13, 693, '2017-06-03 12:23:18', '2017-06-03 12:23:18'),
(954, 6, 693, '2017-06-03 12:23:18', '2017-06-03 12:23:18'),
(955, 7, 694, '2017-06-03 12:23:18', '2017-06-03 12:23:18'),
(956, 2, 694, '2017-06-03 12:23:18', '2017-06-03 12:23:18'),
(957, 6, 694, '2017-06-03 12:23:18', '2017-06-03 12:23:18'),
(958, 4, 694, '2017-06-03 12:23:18', '2017-06-03 12:23:18'),
(959, 15, 695, '2017-06-03 12:23:19', '2017-06-03 12:23:19'),
(960, 6, 695, '2017-06-03 12:23:19', '2017-06-03 12:23:19'),
(961, 2, 695, '2017-06-03 12:23:19', '2017-06-03 12:23:19'),
(962, 4, 695, '2017-06-03 12:23:19', '2017-06-03 12:23:19'),
(963, 17, 696, '2017-06-03 12:23:19', '2017-06-03 12:23:19'),
(964, 12, 696, '2017-06-03 12:23:19', '2017-06-03 12:23:19'),
(965, 10, 696, '2017-06-03 12:23:19', '2017-06-03 12:23:19'),
(966, 1, 696, '2017-06-03 12:23:19', '2017-06-03 12:23:19'),
(967, 11, 697, '2017-06-03 12:23:19', '2017-06-03 12:23:19'),
(968, 8, 697, '2017-06-03 12:23:19', '2017-06-03 12:23:19'),
(969, 4, 697, '2017-06-03 12:23:19', '2017-06-03 12:23:19'),
(970, 5, 697, '2017-06-03 12:23:19', '2017-06-03 12:23:19'),
(971, 5, 698, '2017-06-03 12:23:19', '2017-06-03 12:23:19'),
(972, 8, 698, '2017-06-03 12:23:19', '2017-06-03 12:23:19'),
(973, 14, 698, '2017-06-03 12:23:19', '2017-06-03 12:23:19'),
(974, 9, 698, '2017-06-03 12:23:19', '2017-06-03 12:23:19'),
(975, 17, 699, '2017-06-03 12:23:19', '2017-06-03 12:23:19'),
(976, 9, 699, '2017-06-03 12:23:19', '2017-06-03 12:23:19'),
(977, 10, 699, '2017-06-03 12:23:19', '2017-06-03 12:23:19'),
(978, 1, 699, '2017-06-03 12:23:19', '2017-06-03 12:23:19'),
(979, 1, 700, '2017-06-03 12:23:19', '2017-06-03 12:23:19'),
(980, 5, 700, '2017-06-03 12:23:19', '2017-06-03 12:23:19'),
(981, 10, 700, '2017-06-03 12:23:19', '2017-06-03 12:23:19'),
(982, 9, 700, '2017-06-03 12:23:19', '2017-06-03 12:23:19'),
(983, 3, 701, '2017-06-03 12:23:19', '2017-06-03 12:23:19'),
(984, 9, 701, '2017-06-03 12:23:19', '2017-06-03 12:23:19'),
(985, 7, 701, '2017-06-03 12:23:19', '2017-06-03 12:23:19'),
(986, 14, 701, '2017-06-03 12:23:19', '2017-06-03 12:23:19'),
(987, 9, 702, '2017-06-03 12:23:19', '2017-06-03 12:23:19'),
(988, 7, 702, '2017-06-03 12:23:19', '2017-06-03 12:23:19'),
(989, 5, 702, '2017-06-03 12:23:19', '2017-06-03 12:23:19'),
(990, 4, 702, '2017-06-03 12:23:19', '2017-06-03 12:23:19'),
(991, 17, 703, '2017-06-03 12:23:19', '2017-06-03 12:23:19'),
(992, 3, 703, '2017-06-03 12:23:19', '2017-06-03 12:23:19'),
(993, 11, 703, '2017-06-03 12:23:19', '2017-06-03 12:23:19'),
(994, 2, 703, '2017-06-03 12:23:19', '2017-06-03 12:23:19'),
(995, 3, 704, '2017-06-03 12:23:19', '2017-06-03 12:23:19'),
(996, 14, 704, '2017-06-03 12:23:19', '2017-06-03 12:23:19'),
(997, 15, 704, '2017-06-03 12:23:19', '2017-06-03 12:23:19'),
(998, 13, 704, '2017-06-03 12:23:19', '2017-06-03 12:23:19'),
(999, 16, 705, '2017-06-03 12:23:20', '2017-06-03 12:23:20'),
(1000, 8, 705, '2017-06-03 12:23:20', '2017-06-03 12:23:20'),
(1001, 7, 705, '2017-06-03 12:23:20', '2017-06-03 12:23:20'),
(1002, 14, 705, '2017-06-03 12:23:20', '2017-06-03 12:23:20'),
(1003, 1, 706, '2017-06-03 12:23:20', '2017-06-03 12:23:20'),
(1004, 10, 706, '2017-06-03 12:23:20', '2017-06-03 12:23:20'),
(1005, 3, 706, '2017-06-03 12:23:20', '2017-06-03 12:23:20'),
(1006, 2, 706, '2017-06-03 12:23:20', '2017-06-03 12:23:20'),
(1007, 14, 707, '2017-06-03 12:23:20', '2017-06-03 12:23:20'),
(1008, 15, 707, '2017-06-03 12:23:20', '2017-06-03 12:23:20'),
(1009, 1, 707, '2017-06-03 12:23:20', '2017-06-03 12:23:20'),
(1010, 3, 707, '2017-06-03 12:23:20', '2017-06-03 12:23:20'),
(1011, 2, 708, '2017-06-03 12:23:20', '2017-06-03 12:23:20'),
(1012, 15, 708, '2017-06-03 12:23:20', '2017-06-03 12:23:20'),
(1013, 1, 708, '2017-06-03 12:23:20', '2017-06-03 12:23:20'),
(1014, 9, 708, '2017-06-03 12:23:20', '2017-06-03 12:23:20'),
(1015, 4, 709, '2017-06-03 12:23:20', '2017-06-03 12:23:20'),
(1016, 15, 709, '2017-06-03 12:23:20', '2017-06-03 12:23:20'),
(1017, 17, 709, '2017-06-03 12:23:20', '2017-06-03 12:23:20'),
(1018, 3, 709, '2017-06-03 12:23:20', '2017-06-03 12:23:20'),
(1019, 13, 710, '2017-06-03 12:23:20', '2017-06-03 12:23:20'),
(1020, 3, 710, '2017-06-03 12:23:20', '2017-06-03 12:23:20'),
(1021, 11, 710, '2017-06-03 12:23:20', '2017-06-03 12:23:20'),
(1022, 4, 710, '2017-06-03 12:23:20', '2017-06-03 12:23:20'),
(1023, 14, 711, '2017-06-03 12:23:20', '2017-06-03 12:23:20'),
(1024, 5, 711, '2017-06-03 12:23:20', '2017-06-03 12:23:20'),
(1025, 6, 711, '2017-06-03 12:23:20', '2017-06-03 12:23:20'),
(1026, 15, 711, '2017-06-03 12:23:20', '2017-06-03 12:23:20'),
(1027, 6, 712, '2017-06-03 12:23:20', '2017-06-03 12:23:20'),
(1028, 13, 712, '2017-06-03 12:23:20', '2017-06-03 12:23:20'),
(1029, 12, 712, '2017-06-03 12:23:20', '2017-06-03 12:23:20'),
(1030, 11, 712, '2017-06-03 12:23:20', '2017-06-03 12:23:20'),
(1031, 10, 713, '2017-06-03 12:23:20', '2017-06-03 12:23:20'),
(1032, 14, 713, '2017-06-03 12:23:21', '2017-06-03 12:23:21'),
(1033, 4, 713, '2017-06-03 12:23:21', '2017-06-03 12:23:21'),
(1034, 3, 713, '2017-06-03 12:23:21', '2017-06-03 12:23:21'),
(1035, 3, 714, '2017-06-03 12:23:21', '2017-06-03 12:23:21'),
(1036, 2, 714, '2017-06-03 12:23:21', '2017-06-03 12:23:21'),
(1037, 14, 714, '2017-06-03 12:23:21', '2017-06-03 12:23:21'),
(1038, 11, 714, '2017-06-03 12:23:21', '2017-06-03 12:23:21'),
(1039, 15, 715, '2017-06-03 12:23:21', '2017-06-03 12:23:21'),
(1040, 8, 715, '2017-06-03 12:23:21', '2017-06-03 12:23:21'),
(1041, 7, 715, '2017-06-03 12:23:21', '2017-06-03 12:23:21'),
(1042, 13, 715, '2017-06-03 12:23:21', '2017-06-03 12:23:21'),
(1043, 9, 716, '2017-06-03 12:23:21', '2017-06-03 12:23:21'),
(1044, 13, 716, '2017-06-03 12:23:21', '2017-06-03 12:23:21'),
(1045, 17, 716, '2017-06-03 12:23:21', '2017-06-03 12:23:21'),
(1046, 4, 716, '2017-06-03 12:23:21', '2017-06-03 12:23:21'),
(1047, 3, 717, '2017-06-03 12:23:21', '2017-06-03 12:23:21'),
(1048, 13, 717, '2017-06-03 12:23:21', '2017-06-03 12:23:21'),
(1049, 1, 717, '2017-06-03 12:23:21', '2017-06-03 12:23:21'),
(1050, 5, 717, '2017-06-03 12:23:21', '2017-06-03 12:23:21'),
(1051, 2, 718, '2017-06-03 12:23:21', '2017-06-03 12:23:21'),
(1052, 15, 718, '2017-06-03 12:23:21', '2017-06-03 12:23:21'),
(1053, 5, 718, '2017-06-03 12:23:21', '2017-06-03 12:23:21'),
(1054, 8, 718, '2017-06-03 12:23:21', '2017-06-03 12:23:21'),
(1055, 5, 719, '2017-06-03 12:23:21', '2017-06-03 12:23:21'),
(1056, 11, 719, '2017-06-03 12:23:22', '2017-06-03 12:23:22'),
(1057, 1, 719, '2017-06-03 12:23:22', '2017-06-03 12:23:22'),
(1058, 8, 719, '2017-06-03 12:23:22', '2017-06-03 12:23:22'),
(1059, 3, 720, '2017-06-03 12:23:22', '2017-06-03 12:23:22'),
(1060, 1, 720, '2017-06-03 12:23:22', '2017-06-03 12:23:22'),
(1061, 6, 720, '2017-06-03 12:23:22', '2017-06-03 12:23:22'),
(1062, 7, 720, '2017-06-03 12:23:22', '2017-06-03 12:23:22'),
(1063, 3, 721, '2017-06-03 12:23:22', '2017-06-03 12:23:22'),
(1064, 12, 721, '2017-06-03 12:23:22', '2017-06-03 12:23:22'),
(1065, 13, 721, '2017-06-03 12:23:22', '2017-06-03 12:23:22'),
(1066, 11, 721, '2017-06-03 12:23:22', '2017-06-03 12:23:22'),
(1067, 12, 722, '2017-06-03 12:23:22', '2017-06-03 12:23:22'),
(1068, 8, 722, '2017-06-03 12:23:22', '2017-06-03 12:23:22'),
(1069, 9, 722, '2017-06-03 12:23:22', '2017-06-03 12:23:22'),
(1070, 2, 722, '2017-06-03 12:23:22', '2017-06-03 12:23:22'),
(1071, 5, 723, '2017-06-03 12:23:22', '2017-06-03 12:23:22'),
(1072, 4, 723, '2017-06-03 12:23:22', '2017-06-03 12:23:22'),
(1073, 16, 723, '2017-06-03 12:23:22', '2017-06-03 12:23:22'),
(1074, 1, 723, '2017-06-03 12:23:22', '2017-06-03 12:23:22'),
(1075, 1, 724, '2017-06-03 12:23:22', '2017-06-03 12:23:22'),
(1076, 13, 724, '2017-06-03 12:23:22', '2017-06-03 12:23:22'),
(1077, 11, 724, '2017-06-03 12:23:22', '2017-06-03 12:23:22'),
(1078, 15, 724, '2017-06-03 12:23:22', '2017-06-03 12:23:22'),
(1079, 6, 725, '2017-06-03 12:23:22', '2017-06-03 12:23:22'),
(1080, 4, 725, '2017-06-03 12:23:22', '2017-06-03 12:23:22'),
(1081, 8, 725, '2017-06-03 12:23:22', '2017-06-03 12:23:22'),
(1082, 9, 725, '2017-06-03 12:23:23', '2017-06-03 12:23:23'),
(1083, 10, 726, '2017-06-03 12:23:23', '2017-06-03 12:23:23'),
(1084, 15, 726, '2017-06-03 12:23:23', '2017-06-03 12:23:23'),
(1085, 7, 726, '2017-06-03 12:23:23', '2017-06-03 12:23:23'),
(1086, 17, 726, '2017-06-03 12:23:23', '2017-06-03 12:23:23'),
(1087, 6, 727, '2017-06-03 12:23:23', '2017-06-03 12:23:23'),
(1088, 10, 727, '2017-06-03 12:23:23', '2017-06-03 12:23:23'),
(1089, 16, 727, '2017-06-03 12:23:23', '2017-06-03 12:23:23'),
(1090, 8, 727, '2017-06-03 12:23:23', '2017-06-03 12:23:23'),
(1091, 4, 728, '2017-06-03 12:23:23', '2017-06-03 12:23:23'),
(1092, 5, 728, '2017-06-03 12:23:23', '2017-06-03 12:23:23'),
(1093, 11, 728, '2017-06-03 12:23:23', '2017-06-03 12:23:23'),
(1094, 10, 728, '2017-06-03 12:23:23', '2017-06-03 12:23:23'),
(1095, 13, 729, '2017-06-03 12:23:23', '2017-06-03 12:23:23'),
(1096, 10, 729, '2017-06-03 12:23:23', '2017-06-03 12:23:23'),
(1097, 3, 729, '2017-06-03 12:23:23', '2017-06-03 12:23:23'),
(1098, 16, 729, '2017-06-03 12:23:23', '2017-06-03 12:23:23'),
(1099, 15, 730, '2017-06-03 12:23:23', '2017-06-03 12:23:23'),
(1100, 14, 730, '2017-06-03 12:23:23', '2017-06-03 12:23:23'),
(1101, 3, 730, '2017-06-03 12:23:23', '2017-06-03 12:23:23'),
(1102, 4, 730, '2017-06-03 12:23:23', '2017-06-03 12:23:23'),
(1103, 13, 731, '2017-06-03 12:23:23', '2017-06-03 12:23:23'),
(1104, 5, 731, '2017-06-03 12:23:23', '2017-06-03 12:23:23'),
(1105, 16, 731, '2017-06-03 12:23:23', '2017-06-03 12:23:23'),
(1106, 9, 731, '2017-06-03 12:23:23', '2017-06-03 12:23:23'),
(1107, 4, 732, '2017-06-03 12:23:23', '2017-06-03 12:23:23'),
(1108, 1, 732, '2017-06-03 12:23:23', '2017-06-03 12:23:23'),
(1109, 7, 732, '2017-06-03 12:23:23', '2017-06-03 12:23:23'),
(1110, 10, 732, '2017-06-03 12:23:23', '2017-06-03 12:23:23'),
(1111, 13, 733, '2017-06-03 12:23:24', '2017-06-03 12:23:24'),
(1112, 15, 733, '2017-06-03 12:23:24', '2017-06-03 12:23:24'),
(1113, 16, 733, '2017-06-03 12:23:24', '2017-06-03 12:23:24'),
(1114, 11, 733, '2017-06-03 12:23:24', '2017-06-03 12:23:24'),
(1115, 11, 734, '2017-06-03 12:23:24', '2017-06-03 12:23:24'),
(1116, 16, 734, '2017-06-03 12:23:24', '2017-06-03 12:23:24'),
(1117, 7, 734, '2017-06-03 12:23:24', '2017-06-03 12:23:24'),
(1118, 17, 734, '2017-06-03 12:23:24', '2017-06-03 12:23:24'),
(1119, 3, 735, '2017-06-03 12:23:24', '2017-06-03 12:23:24'),
(1120, 14, 735, '2017-06-03 12:23:24', '2017-06-03 12:23:24'),
(1121, 15, 735, '2017-06-03 12:23:24', '2017-06-03 12:23:24'),
(1122, 10, 735, '2017-06-03 12:23:24', '2017-06-03 12:23:24'),
(1123, 4, 736, '2017-06-03 12:23:24', '2017-06-03 12:23:24'),
(1124, 13, 736, '2017-06-03 12:23:24', '2017-06-03 12:23:24'),
(1125, 2, 736, '2017-06-03 12:23:24', '2017-06-03 12:23:24'),
(1126, 10, 736, '2017-06-03 12:23:24', '2017-06-03 12:23:24'),
(1127, 13, 737, '2017-06-03 12:23:24', '2017-06-03 12:23:24'),
(1128, 6, 737, '2017-06-03 12:23:24', '2017-06-03 12:23:24'),
(1129, 5, 737, '2017-06-03 12:23:24', '2017-06-03 12:23:24'),
(1130, 12, 737, '2017-06-03 12:23:24', '2017-06-03 12:23:24'),
(1131, 10, 738, '2017-06-03 12:23:24', '2017-06-03 12:23:24'),
(1132, 17, 738, '2017-06-03 12:23:24', '2017-06-03 12:23:24'),
(1133, 8, 738, '2017-06-03 12:23:24', '2017-06-03 12:23:24'),
(1134, 11, 738, '2017-06-03 12:23:24', '2017-06-03 12:23:24'),
(1135, 1, 739, '2017-06-03 12:23:24', '2017-06-03 12:23:24'),
(1136, 13, 739, '2017-06-03 12:23:24', '2017-06-03 12:23:24'),
(1137, 14, 739, '2017-06-03 12:23:24', '2017-06-03 12:23:24'),
(1138, 5, 739, '2017-06-03 12:23:24', '2017-06-03 12:23:24'),
(1139, 10, 740, '2017-06-03 12:23:25', '2017-06-03 12:23:25'),
(1140, 9, 740, '2017-06-03 12:23:25', '2017-06-03 12:23:25'),
(1141, 6, 740, '2017-06-03 12:23:25', '2017-06-03 12:23:25'),
(1142, 5, 740, '2017-06-03 12:23:25', '2017-06-03 12:23:25'),
(1143, 8, 741, '2017-06-03 12:23:25', '2017-06-03 12:23:25'),
(1144, 1, 741, '2017-06-03 12:23:25', '2017-06-03 12:23:25'),
(1145, 3, 741, '2017-06-03 12:23:25', '2017-06-03 12:23:25'),
(1146, 4, 741, '2017-06-03 12:23:25', '2017-06-03 12:23:25'),
(1147, 15, 742, '2017-06-03 12:23:25', '2017-06-03 12:23:25'),
(1148, 12, 742, '2017-06-03 12:23:25', '2017-06-03 12:23:25'),
(1149, 16, 742, '2017-06-03 12:23:25', '2017-06-03 12:23:25'),
(1150, 11, 742, '2017-06-03 12:23:25', '2017-06-03 12:23:25'),
(1151, 13, 743, '2017-06-03 12:23:25', '2017-06-03 12:23:25'),
(1152, 12, 743, '2017-06-03 12:23:25', '2017-06-03 12:23:25'),
(1153, 10, 743, '2017-06-03 12:23:25', '2017-06-03 12:23:25'),
(1154, 16, 743, '2017-06-03 12:23:25', '2017-06-03 12:23:25'),
(1155, 13, 744, '2017-06-03 12:23:25', '2017-06-03 12:23:25'),
(1156, 10, 744, '2017-06-03 12:23:25', '2017-06-03 12:23:25'),
(1157, 9, 744, '2017-06-03 12:23:25', '2017-06-03 12:23:25'),
(1158, 8, 744, '2017-06-03 12:23:25', '2017-06-03 12:23:25'),
(1159, 7, 745, '2017-06-03 12:23:25', '2017-06-03 12:23:25'),
(1160, 9, 745, '2017-06-03 12:23:25', '2017-06-03 12:23:25'),
(1161, 13, 745, '2017-06-03 12:23:25', '2017-06-03 12:23:25'),
(1162, 2, 745, '2017-06-03 12:23:25', '2017-06-03 12:23:25'),
(1163, 16, 746, '2017-06-03 12:23:25', '2017-06-03 12:23:25'),
(1164, 7, 746, '2017-06-03 12:23:26', '2017-06-03 12:23:26'),
(1165, 8, 746, '2017-06-03 12:23:26', '2017-06-03 12:23:26'),
(1166, 2, 746, '2017-06-03 12:23:26', '2017-06-03 12:23:26'),
(1167, 11, 747, '2017-06-03 12:23:26', '2017-06-03 12:23:26'),
(1168, 8, 747, '2017-06-03 12:23:26', '2017-06-03 12:23:26'),
(1169, 3, 747, '2017-06-03 12:23:26', '2017-06-03 12:23:26'),
(1170, 2, 747, '2017-06-03 12:23:26', '2017-06-03 12:23:26'),
(1171, 5, 748, '2017-06-03 12:23:26', '2017-06-03 12:23:26'),
(1172, 14, 748, '2017-06-03 12:23:26', '2017-06-03 12:23:26'),
(1173, 6, 748, '2017-06-03 12:23:26', '2017-06-03 12:23:26'),
(1174, 13, 748, '2017-06-03 12:23:26', '2017-06-03 12:23:26'),
(1175, 1, 749, '2017-06-03 12:23:26', '2017-06-03 12:23:26'),
(1176, 13, 749, '2017-06-03 12:23:26', '2017-06-03 12:23:26'),
(1177, 5, 749, '2017-06-03 12:23:26', '2017-06-03 12:23:26'),
(1178, 9, 749, '2017-06-03 12:23:26', '2017-06-03 12:23:26'),
(1179, 7, 750, '2017-06-03 12:23:26', '2017-06-03 12:23:26'),
(1180, 2, 750, '2017-06-03 12:23:26', '2017-06-03 12:23:26'),
(1181, 5, 750, '2017-06-03 12:23:26', '2017-06-03 12:23:26'),
(1182, 4, 750, '2017-06-03 12:23:26', '2017-06-03 12:23:26'),
(1183, 16, 751, '2017-06-03 12:23:26', '2017-06-03 12:23:26'),
(1184, 13, 751, '2017-06-03 12:23:26', '2017-06-03 12:23:26'),
(1185, 9, 751, '2017-06-03 12:23:26', '2017-06-03 12:23:26'),
(1186, 4, 751, '2017-06-03 12:23:26', '2017-06-03 12:23:26'),
(1187, 1, 752, '2017-06-03 12:23:26', '2017-06-03 12:23:26'),
(1188, 15, 752, '2017-06-03 12:23:26', '2017-06-03 12:23:26'),
(1189, 7, 752, '2017-06-03 12:23:27', '2017-06-03 12:23:27'),
(1190, 10, 752, '2017-06-03 12:23:27', '2017-06-03 12:23:27'),
(1191, 10, 753, '2017-06-03 12:23:27', '2017-06-03 12:23:27'),
(1192, 17, 753, '2017-06-03 12:23:27', '2017-06-03 12:23:27'),
(1193, 11, 753, '2017-06-03 12:23:27', '2017-06-03 12:23:27'),
(1194, 4, 753, '2017-06-03 12:23:27', '2017-06-03 12:23:27'),
(1195, 16, 754, '2017-06-03 12:23:27', '2017-06-03 12:23:27'),
(1196, 2, 754, '2017-06-03 12:23:27', '2017-06-03 12:23:27'),
(1197, 8, 754, '2017-06-03 12:23:27', '2017-06-03 12:23:27'),
(1198, 15, 754, '2017-06-03 12:23:27', '2017-06-03 12:23:27'),
(1199, 10, 755, '2017-06-03 12:23:27', '2017-06-03 12:23:27'),
(1200, 1, 755, '2017-06-03 12:23:27', '2017-06-03 12:23:27'),
(1201, 4, 755, '2017-06-03 12:23:27', '2017-06-03 12:23:27'),
(1202, 15, 755, '2017-06-03 12:23:27', '2017-06-03 12:23:27'),
(1203, 11, 756, '2017-06-03 12:23:27', '2017-06-03 12:23:27'),
(1204, 12, 756, '2017-06-03 12:23:27', '2017-06-03 12:23:27'),
(1205, 10, 756, '2017-06-03 12:23:27', '2017-06-03 12:23:27'),
(1206, 14, 756, '2017-06-03 12:23:27', '2017-06-03 12:23:27'),
(1207, 16, 757, '2017-06-03 12:23:27', '2017-06-03 12:23:27'),
(1208, 3, 757, '2017-06-03 12:23:27', '2017-06-03 12:23:27'),
(1209, 7, 757, '2017-06-03 12:23:27', '2017-06-03 12:23:27'),
(1210, 8, 757, '2017-06-03 12:23:27', '2017-06-03 12:23:27'),
(1211, 14, 758, '2017-06-03 12:23:27', '2017-06-03 12:23:27'),
(1212, 3, 758, '2017-06-03 12:23:27', '2017-06-03 12:23:27'),
(1213, 16, 758, '2017-06-03 12:23:27', '2017-06-03 12:23:27'),
(1214, 5, 758, '2017-06-03 12:23:27', '2017-06-03 12:23:27'),
(1215, 9, 759, '2017-06-03 12:23:27', '2017-06-03 12:23:27'),
(1216, 10, 759, '2017-06-03 12:23:28', '2017-06-03 12:23:28'),
(1217, 15, 759, '2017-06-03 12:23:28', '2017-06-03 12:23:28'),
(1218, 2, 759, '2017-06-03 12:23:28', '2017-06-03 12:23:28'),
(1219, 16, 760, '2017-06-03 12:23:28', '2017-06-03 12:23:28'),
(1220, 11, 760, '2017-06-03 12:23:28', '2017-06-03 12:23:28'),
(1221, 5, 760, '2017-06-03 12:23:28', '2017-06-03 12:23:28'),
(1222, 1, 760, '2017-06-03 12:23:28', '2017-06-03 12:23:28'),
(1223, 4, 761, '2017-06-03 12:23:28', '2017-06-03 12:23:28'),
(1224, 8, 761, '2017-06-03 12:23:28', '2017-06-03 12:23:28'),
(1225, 5, 761, '2017-06-03 12:23:28', '2017-06-03 12:23:28'),
(1226, 7, 761, '2017-06-03 12:23:28', '2017-06-03 12:23:28'),
(1227, 8, 762, '2017-06-03 12:23:28', '2017-06-03 12:23:28'),
(1228, 10, 762, '2017-06-03 12:23:28', '2017-06-03 12:23:28'),
(1229, 11, 762, '2017-06-03 12:23:28', '2017-06-03 12:23:28'),
(1230, 16, 762, '2017-06-03 12:23:28', '2017-06-03 12:23:28'),
(1231, 9, 763, '2017-06-03 12:23:28', '2017-06-03 12:23:28'),
(1232, 10, 763, '2017-06-03 12:23:28', '2017-06-03 12:23:28'),
(1233, 7, 763, '2017-06-03 12:23:28', '2017-06-03 12:23:28'),
(1234, 5, 763, '2017-06-03 12:23:28', '2017-06-03 12:23:28'),
(1235, 9, 764, '2017-06-03 12:23:28', '2017-06-03 12:23:28'),
(1236, 7, 764, '2017-06-03 12:23:28', '2017-06-03 12:23:28'),
(1237, 8, 764, '2017-06-03 12:23:28', '2017-06-03 12:23:28'),
(1238, 12, 764, '2017-06-03 12:23:28', '2017-06-03 12:23:28'),
(1239, 9, 765, '2017-06-03 12:23:28', '2017-06-03 12:23:28'),
(1240, 11, 765, '2017-06-03 12:23:28', '2017-06-03 12:23:28'),
(1241, 8, 765, '2017-06-03 12:23:28', '2017-06-03 12:23:28'),
(1242, 16, 765, '2017-06-03 12:23:28', '2017-06-03 12:23:28'),
(1243, 11, 766, '2017-06-03 12:23:28', '2017-06-03 12:23:28'),
(1244, 1, 766, '2017-06-03 12:23:28', '2017-06-03 12:23:28'),
(1245, 8, 766, '2017-06-03 12:23:28', '2017-06-03 12:23:28'),
(1246, 9, 766, '2017-06-03 12:23:28', '2017-06-03 12:23:28'),
(1247, 13, 767, '2017-06-03 12:23:29', '2017-06-03 12:23:29'),
(1248, 10, 767, '2017-06-03 12:23:29', '2017-06-03 12:23:29'),
(1249, 3, 767, '2017-06-03 12:23:29', '2017-06-03 12:23:29'),
(1250, 8, 767, '2017-06-03 12:23:29', '2017-06-03 12:23:29'),
(1251, 2, 768, '2017-06-03 12:23:29', '2017-06-03 12:23:29'),
(1252, 10, 768, '2017-06-03 12:23:29', '2017-06-03 12:23:29'),
(1253, 17, 768, '2017-06-03 12:23:29', '2017-06-03 12:23:29'),
(1254, 5, 768, '2017-06-03 12:23:29', '2017-06-03 12:23:29'),
(1255, 2, 769, '2017-06-03 12:23:29', '2017-06-03 12:23:29'),
(1256, 9, 769, '2017-06-03 12:23:29', '2017-06-03 12:23:29'),
(1257, 10, 769, '2017-06-03 12:23:29', '2017-06-03 12:23:29'),
(1258, 17, 769, '2017-06-03 12:23:29', '2017-06-03 12:23:29'),
(1259, 6, 770, '2017-06-03 12:23:29', '2017-06-03 12:23:29'),
(1260, 11, 770, '2017-06-03 12:23:29', '2017-06-03 12:23:29'),
(1261, 7, 770, '2017-06-03 12:23:29', '2017-06-03 12:23:29'),
(1262, 16, 770, '2017-06-03 12:23:29', '2017-06-03 12:23:29'),
(1263, 1, 771, '2017-06-03 12:35:32', '2017-06-03 12:35:32'),
(1264, 2, 771, '2017-06-03 12:35:32', '2017-06-03 12:35:32'),
(1265, 3, 771, '2017-06-03 12:35:32', '2017-06-03 12:35:32'),
(1266, 4, 771, '2017-06-03 12:35:32', '2017-06-03 12:35:32'),
(1267, 5, 771, '2017-06-03 12:35:32', '2017-06-03 12:35:32'),
(1268, 6, 771, '2017-06-03 12:35:32', '2017-06-03 12:35:32'),
(1269, 7, 771, '2017-06-03 12:35:32', '2017-06-03 12:35:32'),
(1270, 8, 771, '2017-06-03 12:35:32', '2017-06-03 12:35:32'),
(1271, 9, 771, '2017-06-03 12:35:32', '2017-06-03 12:35:32'),
(1272, 11, 771, '2017-06-03 12:35:32', '2017-06-03 12:35:32');

-- --------------------------------------------------------

--
-- Table structure for table `category_video`
--

CREATE TABLE `category_video` (
  `id` int(10) UNSIGNED NOT NULL,
  `category_id` int(10) UNSIGNED NOT NULL,
  `video_id` int(10) UNSIGNED NOT NULL,
  `created_at` timestamp NULL DEFAULT NULL,
  `updated_at` timestamp NULL DEFAULT NULL
) ENGINE=InnoDB DEFAULT CHARSET=utf8mb4 COLLATE=utf8mb4_unicode_ci;

--
-- Dumping data for table `category_video`
--

INSERT INTO `category_video` (`id`, `category_id`, `video_id`, `created_at`, `updated_at`) VALUES
(1, 9, 1, '2017-05-26 16:25:53', '2017-05-26 16:25:53'),
(2, 11, 1, '2017-05-26 16:25:53', '2017-05-26 16:25:53'),
(3, 10, 1, '2017-05-26 16:25:53', '2017-05-26 16:25:53'),
(4, 1, 1, '2017-05-26 16:25:53', '2017-05-26 16:25:53'),
(9, 8, 3, '2017-05-26 16:25:53', '2017-05-26 16:25:53'),
(10, 11, 3, '2017-05-26 16:25:53', '2017-05-26 16:25:53'),
(11, 1, 3, '2017-05-26 16:25:53', '2017-05-26 16:25:53'),
(12, 10, 3, '2017-05-26 16:25:53', '2017-05-26 16:25:53'),
(13, 11, 4, '2017-05-26 16:25:53', '2017-05-26 16:25:53'),
(14, 4, 4, '2017-05-26 16:25:53', '2017-05-26 16:25:53'),
(15, 8, 4, '2017-05-26 16:25:54', '2017-05-26 16:25:54'),
(16, 10, 4, '2017-05-26 16:25:54', '2017-05-26 16:25:54'),
(17, 7, 5, '2017-05-26 16:25:54', '2017-05-26 16:25:54'),
(18, 9, 5, '2017-05-26 16:25:54', '2017-05-26 16:25:54'),
(19, 2, 5, '2017-05-26 16:25:54', '2017-05-26 16:25:54'),
(20, 5, 5, '2017-05-26 16:25:54', '2017-05-26 16:25:54'),
(21, 8, 6, '2017-05-26 16:25:54', '2017-05-26 16:25:54'),
(22, 3, 6, '2017-05-26 16:25:54', '2017-05-26 16:25:54'),
(23, 9, 6, '2017-05-26 16:25:54', '2017-05-26 16:25:54'),
(24, 10, 6, '2017-05-26 16:25:54', '2017-05-26 16:25:54'),
(25, 8, 7, '2017-05-26 16:25:54', '2017-05-26 16:25:54'),
(26, 3, 7, '2017-05-26 16:25:54', '2017-05-26 16:25:54'),
(27, 1, 7, '2017-05-26 16:25:54', '2017-05-26 16:25:54'),
(28, 11, 7, '2017-05-26 16:25:54', '2017-05-26 16:25:54'),
(29, 1, 8, '2017-05-26 16:25:54', '2017-05-26 16:25:54'),
(30, 5, 8, '2017-05-26 16:25:54', '2017-05-26 16:25:54'),
(31, 11, 8, '2017-05-26 16:25:54', '2017-05-26 16:25:54'),
(32, 6, 8, '2017-05-26 16:25:54', '2017-05-26 16:25:54'),
(33, 5, 9, '2017-05-26 16:25:54', '2017-05-26 16:25:54'),
(34, 3, 9, '2017-05-26 16:25:54', '2017-05-26 16:25:54'),
(35, 2, 9, '2017-05-26 16:25:54', '2017-05-26 16:25:54'),
(36, 11, 9, '2017-05-26 16:25:54', '2017-05-26 16:25:54'),
(37, 9, 10, '2017-05-26 16:25:54', '2017-05-26 16:25:54'),
(38, 1, 10, '2017-05-26 16:25:54', '2017-05-26 16:25:54'),
(39, 7, 10, '2017-05-26 16:25:54', '2017-05-26 16:25:54'),
(40, 2, 10, '2017-05-26 16:25:54', '2017-05-26 16:25:54'),
(41, 6, 11, '2017-05-26 16:25:54', '2017-05-26 16:25:54'),
(42, 3, 11, '2017-05-26 16:25:54', '2017-05-26 16:25:54'),
(43, 4, 11, '2017-05-26 16:25:54', '2017-05-26 16:25:54'),
(44, 5, 11, '2017-05-26 16:25:54', '2017-05-26 16:25:54'),
(45, 1, 12, '2017-05-26 16:25:55', '2017-05-26 16:25:55'),
(46, 8, 12, '2017-05-26 16:25:55', '2017-05-26 16:25:55'),
(47, 3, 12, '2017-05-26 16:25:55', '2017-05-26 16:25:55'),
(48, 10, 12, '2017-05-26 16:25:55', '2017-05-26 16:25:55'),
(49, 11, 13, '2017-05-26 16:25:55', '2017-05-26 16:25:55'),
(50, 10, 13, '2017-05-26 16:25:55', '2017-05-26 16:25:55'),
(51, 5, 13, '2017-05-26 16:25:55', '2017-05-26 16:25:55'),
(52, 4, 13, '2017-05-26 16:25:55', '2017-05-26 16:25:55'),
(53, 4, 14, '2017-05-26 16:25:55', '2017-05-26 16:25:55'),
(54, 3, 14, '2017-05-26 16:25:55', '2017-05-26 16:25:55'),
(55, 7, 14, '2017-05-26 16:25:55', '2017-05-26 16:25:55'),
(56, 2, 14, '2017-05-26 16:25:55', '2017-05-26 16:25:55'),
(57, 11, 15, '2017-05-26 16:25:55', '2017-05-26 16:25:55'),
(58, 1, 15, '2017-05-26 16:25:55', '2017-05-26 16:25:55'),
(59, 6, 15, '2017-05-26 16:25:55', '2017-05-26 16:25:55'),
(60, 10, 15, '2017-05-26 16:25:55', '2017-05-26 16:25:55'),
(61, 7, 16, '2017-05-26 16:25:55', '2017-05-26 16:25:55'),
(62, 10, 16, '2017-05-26 16:25:55', '2017-05-26 16:25:55'),
(63, 6, 16, '2017-05-26 16:25:55', '2017-05-26 16:25:55'),
(64, 2, 16, '2017-05-26 16:25:55', '2017-05-26 16:25:55'),
(65, 2, 17, '2017-05-26 16:25:55', '2017-05-26 16:25:55'),
(66, 9, 17, '2017-05-26 16:25:55', '2017-05-26 16:25:55'),
(67, 6, 17, '2017-05-26 16:25:55', '2017-05-26 16:25:55'),
(68, 3, 17, '2017-05-26 16:25:55', '2017-05-26 16:25:55'),
(69, 3, 18, '2017-05-26 16:25:55', '2017-05-26 16:25:55'),
(70, 4, 18, '2017-05-26 16:25:55', '2017-05-26 16:25:55'),
(71, 2, 18, '2017-05-26 16:25:55', '2017-05-26 16:25:55'),
(72, 6, 18, '2017-05-26 16:25:55', '2017-05-26 16:25:55'),
(73, 9, 19, '2017-05-26 16:25:55', '2017-05-26 16:25:55'),
(74, 4, 19, '2017-05-26 16:25:55', '2017-05-26 16:25:55'),
(75, 5, 19, '2017-05-26 16:25:56', '2017-05-26 16:25:56'),
(76, 10, 19, '2017-05-26 16:25:56', '2017-05-26 16:25:56'),
(77, 4, 20, '2017-05-26 16:25:56', '2017-05-26 16:25:56'),
(78, 1, 20, '2017-05-26 16:25:56', '2017-05-26 16:25:56'),
(79, 5, 20, '2017-05-26 16:25:56', '2017-05-26 16:25:56'),
(80, 11, 20, '2017-05-26 16:25:56', '2017-05-26 16:25:56'),
(81, 2, 21, '2017-05-26 17:07:48', '2017-05-26 17:07:48'),
(82, 4, 21, '2017-05-26 17:07:48', '2017-05-26 17:07:48'),
(83, 9, 22, '2017-05-26 17:08:48', '2017-05-26 17:08:48'),
(84, 11, 22, '2017-05-26 17:08:48', '2017-05-26 17:08:48'),
(85, 5, 1, '2017-05-26 17:18:38', '2017-05-26 17:18:38'),
(86, 3, 23, '2017-05-27 14:59:08', '2017-05-27 14:59:08'),
(87, 4, 23, '2017-05-27 14:59:08', '2017-05-27 14:59:08'),
(88, 2, 24, '2017-05-27 15:56:48', '2017-05-27 15:56:48'),
(89, 5, 24, '2017-05-27 15:56:48', '2017-05-27 15:56:48');

-- --------------------------------------------------------

--
-- Table structure for table `migrations`
--

CREATE TABLE `migrations` (
  `id` int(10) UNSIGNED NOT NULL,
  `migration` varchar(191) COLLATE utf8mb4_unicode_ci NOT NULL,
  `batch` int(11) NOT NULL
) ENGINE=InnoDB DEFAULT CHARSET=utf8mb4 COLLATE=utf8mb4_unicode_ci;

--
-- Dumping data for table `migrations`
--

INSERT INTO `migrations` (`id`, `migration`, `batch`) VALUES
(1, '2014_10_12_000000_create_users_table', 1),
(2, '2014_10_12_100000_create_password_resets_table', 1),
(3, '2017_04_30_060924_create_roles_table', 1),
(4, '2017_04_30_060935_create_user_metas_table', 1),
(5, '2017_04_30_060958_create_posts_table', 1),
(6, '2017_05_14_131255_create_categories_table', 1),
(7, '2017_05_14_131541_create_categories_posts_table', 1),
(8, '2017_05_23_165951_add_slug_field_to_posts_table', 2),
(11, '2017_05_26_154229_create_videos_table', 3),
(12, '2017_05_26_155319_create_categories_videos_table', 3),
(13, '2017_05_29_155249_change_short_description_field_datatype_in_posts_table', 4),
(14, '2017_05_29_155300_change_short_description_field_datatype_in_videos_table', 4),
(15, '2017_06_01_144242_add_location_field_in_categories_table', 5);

-- --------------------------------------------------------

--
-- Table structure for table `password_resets`
--

CREATE TABLE `password_resets` (
  `email` varchar(191) COLLATE utf8mb4_unicode_ci NOT NULL,
  `token` varchar(191) COLLATE utf8mb4_unicode_ci NOT NULL,
  `created_at` timestamp NULL DEFAULT NULL
) ENGINE=InnoDB DEFAULT CHARSET=utf8mb4 COLLATE=utf8mb4_unicode_ci;

-- --------------------------------------------------------

--
-- Table structure for table `posts`
--

CREATE TABLE `posts` (
  `id` int(10) UNSIGNED NOT NULL,
  `slug` varchar(191) COLLATE utf8mb4_unicode_ci DEFAULT NULL,
  `title` varchar(191) COLLATE utf8mb4_unicode_ci NOT NULL,
  `image` varchar(191) COLLATE utf8mb4_unicode_ci DEFAULT NULL,
  `short_description` text COLLATE utf8mb4_unicode_ci NOT NULL,
  `description` text COLLATE utf8mb4_unicode_ci,
  `start_date` datetime NOT NULL COMMENT 'post start showing date.',
  `end_date` datetime DEFAULT NULL COMMENT 'post end showing date.',
  `event_date` datetime NOT NULL,
  `display_order` int(11) NOT NULL DEFAULT '0',
  `is_featured` tinyint(1) DEFAULT '0',
  `show_on_banner` tinyint(1) NOT NULL DEFAULT '0',
  `status` tinyint(1) NOT NULL DEFAULT '0',
  `created_at` timestamp NULL DEFAULT NULL,
  `updated_at` timestamp NULL DEFAULT NULL
) ENGINE=InnoDB DEFAULT CHARSET=utf8mb4 COLLATE=utf8mb4_unicode_ci;

--
-- Dumping data for table `posts`
--

INSERT INTO `posts` (`id`, `slug`, `title`, `image`, `short_description`, `description`, `start_date`, `end_date`, `event_date`, `display_order`, `is_featured`, `show_on_banner`, `status`, `created_at`, `updated_at`) VALUES
(657, 'mauris-blandit-aliquet-elit-eget-tincidunt-nibh-pulvinar-a', 'Mauris blandit aliquet elit, eget tincidunt nibh pulvinar a.', '1496512976_19b4b645eab07924e211b39acb88fd2c.jpg', 'Mauris blandit aliquet elit, eget tincidunt nibh pulvinar a. Sed porttitor lectus nibh. Donec sollicitudin molestie malesuada.', '<p>Mauris blandit aliquet elit, eget tincidunt nibh pulvinar a. Sed porttitor lectus nibh. Donec sollicitudin molestie malesuada. Curabitur arcu erat, accumsan id imperdiet et, porttitor at sem. Nulla porttitor accumsan tincidunt. Mauris blandit aliquet elit, eget tincidunt nibh pulvinar a. Praesent sapien massa, convallis a pellentesque nec, egestas non nisi. Cras ultricies ligula sed magna dictum porta. Lorem ipsum dolor sit amet, consectetur adipiscing elit. Mauris blandit aliquet elit, eget tincidunt nibh pulvinar a.</p>', '2017-06-03 00:00:00', '2017-06-23 00:00:00', '2017-06-03 00:00:00', 1, 0, 1, 1, '2017-06-03 09:19:52', '2017-06-03 12:32:56'),
(658, 'pellentesque-in-ipsum-id-orci-porta-dapibus-sed-porttitor', 'Pellentesque in ipsum id orci porta dapibus. Sed porttitor', '1496501478_2.jpg', 'Pellentesque in ipsum id orci porta dapibus. Sed porttitor lectus nibh. Cras ultricies ligula sed magna dictum porta. Vestibulum ac diam sit', '<p>Pellentesque in ipsum id orci porta dapibus. Sed porttitor lectus nibh. Cras ultricies ligula sed magna dictum porta. Vestibulum ac diam sit amet quam vehicula elementum sed sit amet dui. Lorem ipsum dolor sit amet, consectetur adipiscing elit. Curabitur aliquet quam id dui posuere blandit. Proin eget tortor risus. Vestibulum ante ipsum primis in faucibus orci luctus et ultrices posuere cubilia Curae; Donec velit neque, auctor sit amet aliquam vel, ullamcorper sit amet ligula. Pellentesque in ipsum id orci porta dapibus. Pellentesque in ipsum id orci porta dapibus.</p>', '2017-06-03 00:00:00', '2017-06-30 00:00:00', '2017-06-03 00:00:00', 2, 0, 1, 1, '2017-06-03 09:21:17', '2017-06-03 09:21:18'),
(659, 'proin-eget-tortor-risus-proin-eget-tortor-risus-proin-eget', 'Proin eget tortor risus. Proin eget tortor risus. Proin eget', '1496501544_1.jpg', 'Proin eget tortor risus. Proin eget tortor risus. Proin eget tortor risus. Vivamus magna justo, lacinia eget consectetur sed, convallis at tellus.', '<p>Proin eget tortor risus. Proin eget tortor risus. Proin eget tortor risus. Vivamus magna justo, lacinia eget consectetur sed, convallis at tellus. Lorem ipsum dolor sit amet, consectetur adipiscing elit. Sed porttitor lectus nibh. Cras ultricies ligula sed magna dictum porta. Vestibulum ante ipsum primis in faucibus orci luctus et ultrices posuere cubilia Curae; Donec velit neque, auctor sit amet aliquam vel, ullamcorper sit amet ligula. Nulla quis lorem ut libero malesuada feugiat. Curabitur aliquet quam id dui posuere blandit.</p>', '2017-06-03 00:00:00', '2017-06-30 00:00:00', '2017-06-03 00:00:00', 3, 1, 1, 1, '2017-06-03 09:22:24', '2017-06-03 09:23:16'),
(660, 'donec-rutrum-congue-leo-eget-malesuada-lorem', 'Donec rutrum congue leo eget malesuada. Lorem', '1496501701_4.jpg', 'Donec rutrum congue leo eget malesuada. Lorem ipsum dolor sit amet, consectetur adipiscing elit. Vivamus magna justo, lacinia eget consectetur sed', '<p>Donec rutrum congue leo eget malesuada. Lorem ipsum dolor sit amet, consectetur adipiscing elit. Vivamus magna justo, lacinia eget consectetur sed, convallis at tellus. Donec rutrum congue leo eget malesuada. Curabitur aliquet quam id dui posuere blandit. Nulla porttitor accumsan tincidunt. Curabitur aliquet quam id dui posuere blandit. Sed porttitor lectus nibh. Mauris blandit aliquet elit, eget tincidunt nibh pulvinar a. Sed porttitor lectus nibh.</p>', '2017-06-03 00:00:00', '2017-06-23 00:00:00', '2017-06-03 00:00:00', 4, 1, 0, 1, '2017-06-03 09:25:00', '2017-06-03 09:25:01'),
(661, 'nulla-porttitor-accumsan-tincidunt-lorem-ipsum-dolo', 'Nulla porttitor accumsan tincidunt. Lorem ipsum dolo', '1496501803_6.jpg', 'Nulla porttitor accumsan tincidunt. Lorem ipsum dolor sit amet, consectetur adipiscing elit. Vivamus suscipit tortor eget felis porttitor volutpat.', '<p>Nulla porttitor accumsan tincidunt. Lorem ipsum dolor sit amet, consectetur adipiscing elit. Vivamus suscipit tortor eget felis porttitor volutpat. Sed porttitor lectus nibh. Praesent sapien massa, convallis a pellentesque nec, egestas non nisi. Vestibulum ac diam sit amet quam vehicula elementum sed sit amet dui. Mauris blandit aliquet elit, eget tincidunt nibh pulvinar a. Nulla porttitor accumsan tincidunt. Cras ultricies ligula sed magna dictum porta. Curabitur aliquet quam id dui posuere blandit.</p>', '2017-06-03 00:00:00', '2017-06-22 00:00:00', '2017-06-03 00:00:00', 5, 1, 1, 1, '2017-06-03 09:26:43', '2017-06-03 09:45:01'),
(662, 'vestibulum-ante-ipsum-primis-in-faucibus-orci-luctus-et-ultrices', 'Vestibulum ante ipsum primis in faucibus orci luctus et ultrices', '1496501928_5.jpg', 'Vestibulum ante ipsum primis in faucibus orci luctus et ultrices posuere cubilia Curae; Donec velit neque, auctor sit amet aliquam vel, ullamcorper sit amet', '<p>Vestibulum ante ipsum primis in faucibus orci luctus et ultrices posuere cubilia Curae; Donec velit neque, auctor sit amet aliquam vel, ullamcorper sit amet ligula. Vestibulum ante ipsum primis in faucibus orci luctus et ultrices posuere cubilia Curae; Donec velit neque, auctor sit amet aliquam vel, ullamcorper sit amet ligula. Nulla porttitor accumsan tincidunt. Vivamus suscipit tortor eget felis porttitor volutpat. Mauris blandit aliquet elit, eget tincidunt nibh pulvinar a. Quisque velit nisi, pretium ut lacinia in, elementum id enim. Sed porttitor lectus nibh. Curabitur aliquet quam id dui posuere blandit. Curabitur aliquet quam id dui posuere blandit. Donec rutrum congue leo eget malesuada.</p>', '2017-06-03 00:00:00', '2017-06-23 00:00:00', '2017-06-03 00:00:00', 6, 1, 1, 1, '2017-06-03 09:28:47', '2017-06-03 09:45:15'),
(663, 'sed-porttitor-lectus-nibh-nulla-porttitor-accumsan-tincidunt', 'Sed porttitor lectus nibh. Nulla porttitor accumsan tincidunt.', '1496502273_3.jpg', 'Sed porttitor lectus nibh. Nulla porttitor accumsan tincidunt. Donec rutrum congue leo eget malesuada. Curabitur aliquet quam id dui posuere blandit.', '<p>Sed porttitor lectus nibh. Nulla porttitor accumsan tincidunt. Donec rutrum congue leo eget malesuada. Curabitur aliquet quam id dui posuere blandit. Proin eget tortor risus. Lorem ipsum dolor sit amet, consectetur adipiscing elit. Vivamus magna justo, lacinia eget consectetur sed, convallis at tellus. Curabitur aliquet quam id dui posuere blandit. Vivamus suscipit tortor eget felis porttitor volutpat. Mauris blandit aliquet elit, eget tincidunt nibh pulvinar a.</p>', '2017-06-03 00:00:00', '2017-06-30 00:00:00', '2017-06-03 00:00:00', 7, 0, 1, 1, '2017-06-03 09:34:33', '2017-06-03 09:45:29'),
(664, 'sed-porttitor-lectus-nibh-nulla-porttitor-accumsan-tincidunt-1', 'Sed porttitor lectus nibh. Nulla porttitor accumsan tincidunt.', '1496502442_4.jpg', 'Sed porttitor lectus nibh. Nulla porttitor accumsan tincidunt. Nulla porttitor accumsan tincidunt. Curabitur aliquet quam id dui posuere blandit.', '<p>Sed porttitor lectus nibh. Nulla porttitor accumsan tincidunt. Nulla porttitor accumsan tincidunt. Curabitur aliquet quam id dui posuere blandit. Pellentesque in ipsum id orci porta dapibus. Vestibulum ac diam sit amet quam vehicula elementum sed sit amet dui. Curabitur aliquet quam id dui posuere blandit. Donec rutrum congue leo eget malesuada. Vestibulum ante ipsum primis in faucibus orci luctus et ultrices posuere cubilia Curae; Donec velit neque, auctor sit amet aliquam vel, ullamcorper sit amet ligula. Pellentesque in ipsum id orci porta dapibus.</p>', '2017-06-03 00:00:00', '2017-06-30 00:00:00', '2017-06-03 00:00:00', 8, 0, 1, 1, '2017-06-03 09:37:21', '2017-06-03 09:45:42'),
(665, 'nulla-quis-lorem-ut-libero-malesuada-feugiat-lorem', 'Nulla quis lorem ut libero malesuada feugiat. Lorem', '1496502534_5.jpg', 'Nulla quis lorem ut libero malesuada feugiat. Lorem ipsum dolor sit amet, consectetur adipiscing elit. Nulla porttitor accumsan tincidunt.', '<p>Nulla quis lorem ut libero malesuada feugiat. Lorem ipsum dolor sit amet, consectetur adipiscing elit. Nulla porttitor accumsan tincidunt. Vivamus suscipit tortor eget felis porttitor volutpat. Nulla porttitor accumsan tincidunt. Nulla quis lorem ut libero malesuada feugiat. Curabitur aliquet quam id dui posuere blandit. Vivamus magna justo, lacinia eget consectetur sed, convallis at tellus. Vivamus suscipit tortor eget felis porttitor volutpat. Proin eget tortor risus.</p>', '2017-06-03 00:00:00', '2017-06-29 00:00:00', '2017-06-03 00:00:00', 9, 0, 1, 1, '2017-06-03 09:38:53', '2017-06-03 09:45:56'),
(666, 'curabitur-aliquet-quam-id-dui-posuere-blandit-donec-ru', 'Curabitur aliquet quam id dui posuere blandit. Donec ru', '1496502828_a4.jpg', 'Curabitur aliquet quam id dui posuere blandit. Donec rutrum congue leo eget malesuada. Curabitur aliquet quam id dui posuere blandit. Vivamus magna justo', '<p>Curabitur aliquet quam id dui posuere blandit. Donec rutrum congue leo eget malesuada. Curabitur aliquet quam id dui posuere blandit. Vivamus magna justo, lacinia eget consectetur sed, convallis at tellus. Donec sollicitudin molestie malesuada. Cras ultricies ligula sed magna dictum porta. Pellentesque in ipsum id orci porta dapibus. Nulla quis lorem ut libero malesuada feugiat. Donec sollicitudin molestie malesuada. Donec sollicitudin molestie malesuada.</p>', '2017-06-03 00:00:00', '2017-06-30 00:00:00', '2017-06-03 00:00:00', 10, 1, 1, 1, '2017-06-03 09:43:48', '2017-06-03 09:44:10'),
(667, 'lorem-ipsum-dolor-sit-amet-consectetur-adipiscing-elit-nulla-quis-lorem-ut-libero-malesuada-feugiat-vivamus-suscipit-tortor-eget-felis-porttitor-volutpat', 'Lorem ipsum dolor sit amet, consectetur adipiscing elit.', '1496503053_a3.jpg', 'Lorem ipsum dolor sit amet, consectetur adipiscing elit. Nulla quis lorem ut libero malesuada feugiat. Vivamus suscipit tortor eget felis porttitor volutpat.', '<p>Lorem ipsum dolor sit amet, consectetur adipiscing elit. Nulla quis lorem ut libero malesuada feugiat. Vivamus suscipit tortor eget felis porttitor volutpat. Vestibulum ante ipsum primis in faucibus orci luctus et ultrices posuere cubilia Curae; Donec velit neque, auctor sit amet aliquam vel, ullamcorper sit amet ligula. Cras ultricies ligula sed magna dictum porta. Pellentesque in ipsum id orci porta dapibus. Praesent sapien massa, convallis a pellentesque nec, egestas non nisi. Vivamus magna justo, lacinia eget consectetur sed, convallis at tellus. Curabitur arcu erat, accumsan id imperdiet et, porttitor at sem. Vestibulum ante ipsum primis in faucibus orci luctus et ultrices posuere cubilia Curae; Donec velit neque, auctor sit amet aliquam vel, ullamcorper sit amet ligula.</p>', '2017-06-03 00:00:00', '2017-06-23 00:00:00', '2017-06-03 00:00:00', 11, 0, 1, 1, '2017-06-03 09:47:32', '2017-06-03 09:49:33'),
(668, 'nulla-quis-lorem-ut-libero-malesuada-feugiat-lorem-ip', 'Nulla quis lorem ut libero malesuada feugiat. Lorem ip', '1496503125_s11.jpg', 'Nulla quis lorem ut libero malesuada feugiat. Lorem ipsum dolor sit amet, consectetur adipiscing elit. Vivamus magna justo, lacinia eget consectetur sed,', '<p>Nulla quis lorem ut libero malesuada feugiat. Lorem ipsum dolor sit amet, consectetur adipiscing elit. Vivamus magna justo, lacinia eget consectetur sed, convallis at tellus. Curabitur arcu erat, accumsan id imperdiet et, porttitor at sem. Pellentesque in ipsum id orci porta dapibus. Vivamus suscipit tortor eget felis porttitor volutpat. Proin eget tortor risus. Nulla quis lorem ut libero malesuada feugiat. Proin eget tortor risus. Quisque velit nisi, pretium ut lacinia in, elementum id enim.</p>', '2017-06-03 00:00:00', '2017-06-30 00:00:00', '2017-06-03 00:00:00', 12, 0, 0, 1, '2017-06-03 09:48:45', '2017-06-03 09:48:45'),
(669, 'nulla-porttitor-accumsan-tincidunt-mauris-blandit-aliquet-elit-eget-tincidunt-nibh-pulvinar-a-lorem-ipsum-dolor-sit-amet-consectetur-adipiscing-elit', 'Nulla porttitor accumsan tincidunt. Mauris blandit aliquet elit, eget tincidunt nibh pulvinar a. Lorem ipsum dolor sit amet, consectetur adipiscing elit.', '1496503468_a5.jpg', 'Nulla porttitor accumsan tincidunt. Mauris blandit aliquet elit, eget tincidunt nibh pulvinar a. Lorem ipsum dolor sit amet, consectetur adipiscing elit.', '<p>Nulla porttitor accumsan tincidunt. Mauris blandit aliquet elit, eget tincidunt nibh pulvinar a. Lorem ipsum dolor sit amet, consectetur adipiscing elit. Vestibulum ac diam sit amet quam vehicula elementum sed sit amet dui. Nulla quis lorem ut libero malesuada feugiat. Vivamus suscipit tortor eget felis porttitor volutpat. Vivamus suscipit tortor eget felis porttitor volutpat. Nulla quis lorem ut libero malesuada feugiat. Vestibulum ante ipsum primis in faucibus orci luctus et ultrices posuere cubilia Curae; Donec velit neque, auctor sit amet aliquam vel, ullamcorper sit amet ligula. Curabitur arcu erat, accumsan id imperdiet et, porttitor at sem.</p>', '2017-06-03 00:00:00', '2017-06-30 00:00:00', '2017-06-03 00:00:00', 13, 0, 0, 1, '2017-06-03 09:54:27', '2017-06-03 09:54:28'),
(670, 'quisque-velit-nisi-pretium-ut-lacinia-in-elementum-id-enim', 'Quisque velit nisi, pretium ut lacinia in, elementum id enim.', '1496511903_a6.jpg', 'Quisque velit nisi, pretium ut lacinia in, elementum id enim. Quisque velit nisi, pretium ut lacinia in, elementum id enim. Cras ultricies ligula sed magna', '<p>Quisque velit nisi, pretium ut lacinia in, elementum id enim. Quisque velit nisi, pretium ut lacinia in, elementum id enim. Cras ultricies ligula sed magna dictum porta. Mauris blandit aliquet elit, eget tincidunt nibh pulvinar a. Curabitur arcu erat, accumsan id imperdiet et, porttitor at sem. Vivamus suscipit tortor eget felis porttitor volutpat. Vivamus magna justo, lacinia eget consectetur sed, convallis at tellus. Curabitur aliquet quam id dui posuere blandit. Cras ultricies ligula sed magna dictum porta. Praesent sapien massa, convallis a pellentesque nec, egestas non nisi.</p>', '2017-06-03 00:00:00', '2017-06-30 00:00:00', '2017-06-03 00:00:00', 14, 0, 0, 1, '2017-06-03 12:15:03', '2017-06-03 12:15:03'),
(671, 'cum-ab-odit-nesciunt-earum-corrupti', 'Cum ab odit nesciunt earum corrupti.', NULL, 'Beatae corporis in eligendi dignissimos. Quo eius porro nisi omnis. Eum dolorem ex et autem.', 'Autem officia officia quo sint. Non voluptate totam earum deserunt atque ea.\nDistinctio omnis optio expedita. Non qui esse dolor illo tenetur at quia. Voluptatem deleniti eos repellat amet labore qui. Est quaerat consequuntur quos dicta animi totam.\nOmnis dolorum recusandae corrupti deserunt. Maxime maxime fugiat commodi et. Eligendi aut ipsum enim id dolorem.', '2017-05-16 15:58:05', '2017-05-11 19:46:41', '2017-05-23 13:52:40', 30, 0, 0, 0, '2017-06-03 12:23:13', '2017-06-03 12:23:13'),
(672, 'eius-perferendis-inventore-dolore', 'Eius perferendis inventore dolore.', NULL, 'Ut nihil beatae non velit fuga. Labore accusantium et vel sint fuga dolores corporis.', 'Ipsa dolor corporis reprehenderit ut repudiandae at aliquam. Et rem eius et ut natus.\nOmnis est autem doloribus sunt tempore magnam. Et quae non et et dignissimos sequi. Nostrum consequatur ut at eum debitis asperiores cum.\nQuos dolorum similique quod inventore dolor. Fugiat hic quod incidunt placeat ut eum. Tempora ut iste ipsa corrupti dolores doloremque sit. Nesciunt officiis ad et aperiam perferendis adipisci possimus.', '2017-05-24 11:50:11', '2017-05-26 21:48:33', '2017-05-25 03:42:20', 97, 1, 0, 0, '2017-06-03 12:23:13', '2017-06-03 12:23:13'),
(673, 'facilis-quae-occaecati-atque-autem-optio-aut', 'Facilis quae occaecati atque autem optio aut.', NULL, 'Quos nemo at harum est. Ullam nihil ad at aut. Aut at voluptatem culpa deleniti.', 'Nihil et ducimus dolore temporibus sunt. Quos voluptas maiores ut harum iusto. Omnis fugiat architecto exercitationem vero sint. Rerum in asperiores nihil deserunt id eveniet.\nAliquid cum aut recusandae dolorem quo beatae. Non maxime aperiam dolor. Dolorum ut doloremque consequatur corrupti.\nLabore omnis voluptatem ipsa cupiditate eos placeat. Rem earum culpa accusantium totam id. Pariatur vitae asperiores esse eius debitis consectetur suscipit numquam.', '2017-05-17 16:58:43', '2017-05-14 02:51:54', '2017-05-30 06:47:55', 72, 0, 1, 0, '2017-06-03 12:23:13', '2017-06-03 12:23:13'),
(674, 'voluptatum-delectus-vel-ad-voluptatem-aut-eum', 'Voluptatum delectus vel ad voluptatem aut eum.', NULL, 'Voluptatem totam enim repellat ratione modi totam. Minima error quia amet a cumque dignissimos.', 'Quis voluptates nisi inventore exercitationem. Recusandae magni accusamus ut sint eius vel nobis enim. Est vitae quibusdam velit doloremque consectetur porro et.\nFacilis ut praesentium officiis ipsum dolores voluptatem facere. Nihil ad beatae nihil impedit voluptatibus dolorem at. Quam cumque debitis fugiat quo culpa aspernatur nostrum.', '2017-05-14 00:44:56', '2017-05-15 00:47:39', '2017-05-28 17:06:22', 2, 1, 1, 0, '2017-06-03 12:23:13', '2017-06-03 12:23:13'),
(675, 'assumenda-doloribus-rem-est-praesentium-vero-officia-necessitatibus', 'Assumenda doloribus rem est praesentium vero officia necessitatibus.', NULL, 'Culpa nihil eum ut ipsa id voluptas aut. Aut nam ipsam in.', 'Magni et perspiciatis explicabo qui eos voluptatem. Rerum expedita debitis dolor ea cumque voluptas alias. Alias vitae quia dolore praesentium.\nEx unde iusto nam nemo dolorem. Reprehenderit quam quo reprehenderit voluptas earum porro soluta incidunt. Enim et sint velit iure.', '2017-06-02 11:16:01', '2017-05-17 16:56:34', '2017-05-09 23:15:23', 67, 1, 0, 0, '2017-06-03 12:23:13', '2017-06-03 12:23:13'),
(676, 'dignissimos-facere-quaerat-id-quas-laboriosam-aut-praesentium', 'Dignissimos facere quaerat id quas laboriosam aut praesentium.', NULL, 'Voluptas aut consequatur nobis aut est incidunt. Cum dolore voluptas ipsum. Aut qui quod et.', 'Quia qui minus rerum nobis blanditiis eius. Est vel natus aut. Reprehenderit dolores facilis iure reiciendis et. Maiores temporibus eveniet ullam hic facilis.\nMagni earum voluptatem officia. Fugiat fuga laboriosam doloribus non laudantium dicta odio. Ipsum quia ad corporis veritatis nam itaque quia.\nEsse a distinctio quia rerum et velit. Porro commodi explicabo aut sed. Quia voluptatem est facilis nemo eaque et dicta. Cum et voluptas unde dignissimos atque veniam ullam.', '2017-05-26 01:10:17', '2017-05-21 17:26:21', '2017-05-08 16:13:32', 40, 0, 1, 1, '2017-06-03 12:23:13', '2017-06-03 12:23:13'),
(677, 'et-sit-consequatur-aut-excepturi', 'Et sit consequatur aut excepturi.', NULL, 'Soluta et deleniti animi nihil. Et aut vitae nulla accusantium. Quibusdam nihil sunt odio cumque.', 'Exercitationem provident porro nihil eos occaecati ullam. Minus iure dolorum dicta quia mollitia accusamus. Vel rerum quaerat eius hic rem dicta quis possimus.\nQuisquam et amet ut quae est nihil debitis. Quo velit et iure doloremque blanditiis laboriosam. Voluptatibus et explicabo odit reiciendis et nulla suscipit. Consequuntur nostrum rerum qui sit.', '2017-05-06 11:18:46', '2017-05-18 07:39:29', '2017-06-03 15:09:35', 20, 0, 0, 0, '2017-06-03 12:23:13', '2017-06-03 12:23:13'),
(678, 'fugiat-rem-quam-iste-aliquam', 'Fugiat rem quam iste aliquam.', NULL, 'Aut facilis ad voluptas eius. Omnis facilis velit nemo architecto.', 'Dolorem officia corporis unde aut qui earum magnam. Nostrum aliquam voluptatem impedit ea deserunt tempora saepe. Voluptatem sint ipsum laudantium eaque assumenda magnam. Modi ratione architecto temporibus repellendus amet nihil ut corrupti.\nAut officiis sit aut dolore. Reiciendis officiis natus et vel rerum. Officiis aut sunt corporis eos assumenda ex cupiditate. Est qui in voluptate est aliquam occaecati.', '2017-06-02 12:15:45', '2017-05-19 03:24:15', '2017-05-30 05:21:03', 50, 0, 1, 1, '2017-06-03 12:23:13', '2017-06-03 12:23:13'),
(679, 'esse-voluptas-accusamus-aut-amet-quos-illum-voluptatibus', 'Esse voluptas accusamus aut amet quos illum voluptatibus.', NULL, 'Aut sed velit quo aut. Aut quia temporibus corporis tenetur.', 'Beatae saepe dolor incidunt. Provident illo maxime laborum eum corporis non molestiae amet. Consequatur enim officiis officiis vitae maiores at nam. Illo eveniet voluptatibus illum eius.\nRepellendus eius omnis placeat blanditiis et velit. Asperiores tenetur perferendis quia et. Nisi asperiores enim doloribus quas eos ipsam quod in.\nCorporis praesentium voluptates repellat omnis. Fugit a maxime est occaecati. Quidem expedita illo est aut magnam nulla laudantium molestiae.', '2017-05-12 18:42:46', '2017-05-10 12:21:46', '2017-05-14 09:03:20', 39, 1, 0, 0, '2017-06-03 12:23:14', '2017-06-03 12:23:14'),
(680, 'quae-repudiandae-et-suscipit-velit-ducimus-non', 'Quae repudiandae et suscipit velit ducimus non.', NULL, 'Dolor molestiae ducimus cumque aut ut sed sed fugit. Ex ut voluptate unde iure.', 'Omnis est animi aliquam ratione amet. Perferendis maiores reiciendis voluptate error et. Harum nemo est vel provident. Ab dolores est dolores voluptatibus.\nBlanditiis dolorem porro cum rerum est. Sit non enim illum veniam. Nostrum fugiat eaque distinctio vel debitis nemo odit. Odit deserunt voluptates voluptatem qui quidem ut officiis. Occaecati et eius culpa qui.\nOmnis temporibus unde neque repellendus et est. Odio natus nihil iure tempore impedit ut aliquid. Sed odit ut itaque eos.', '2017-05-19 01:21:48', '2017-05-21 21:31:43', '2017-05-28 11:08:00', 33, 0, 1, 1, '2017-06-03 12:23:14', '2017-06-03 12:23:14'),
(681, 'officia-provident-et-harum-atque-quo', 'Officia provident et harum atque quo.', NULL, 'Qui enim ea et nulla. Ut nemo facere cumque dolorem.', 'Praesentium dolores adipisci iste culpa voluptatibus. Dolores quos est quia. Architecto placeat incidunt nihil.\nUt nesciunt distinctio eveniet ut totam quidem eveniet. Numquam labore ex dignissimos quisquam ex. Soluta est odio dolorem non. Nesciunt vero accusamus sapiente eum itaque.\nTenetur a enim eligendi voluptatum quo temporibus. Voluptatum nulla corporis aut beatae laudantium. Veritatis doloribus aut fuga possimus consequatur. Sit mollitia neque quo perspiciatis quis sed.', '2017-05-27 22:27:25', '2017-05-21 13:54:05', '2017-06-01 17:45:55', 45, 0, 0, 1, '2017-06-03 12:23:14', '2017-06-03 12:23:14'),
(682, 'est-ut-vel-occaecati-aperiam', 'Est ut vel occaecati aperiam.', NULL, 'Ut ut et recusandae sit est et. Officiis sunt at iure impedit ut. Aperiam optio est et dolores.', 'Sit ex id consequatur. In et consequuntur ad. Facilis excepturi eveniet dolores et itaque.\nQuia at asperiores odit qui quia non possimus. Hic consequuntur id laudantium qui expedita. Laboriosam vitae sed non atque libero in.\nSuscipit aut rem iste voluptatem. Facilis animi eos culpa beatae dolor aut quo. Molestiae quis quibusdam et quam id ad.', '2017-05-20 00:39:08', '2017-05-06 03:54:09', '2017-05-07 09:22:41', 93, 0, 1, 0, '2017-06-03 12:23:14', '2017-06-03 12:23:14'),
(683, 'debitis-magnam-provident-reprehenderit', 'Debitis magnam provident reprehenderit.', NULL, 'Unde saepe sed molestiae. Est provident dolores hic in et est adipisci.', 'In sunt enim et. Dolorum ea magnam sed minus et optio impedit aut. Aut voluptas iusto sit repellendus inventore.\nDicta repellat eveniet aut excepturi. Ipsa sit doloribus ex quaerat. Nobis sint laboriosam magni qui enim iste sapiente qui.\nQui harum ut quas recusandae vel repudiandae sequi provident. Qui distinctio cum et cumque sit. Vel tenetur reprehenderit saepe perferendis deleniti aut laborum.', '2017-05-15 13:48:07', '2017-05-31 21:32:52', '2017-05-12 05:49:28', 81, 0, 1, 1, '2017-06-03 12:23:14', '2017-06-03 12:23:14'),
(684, 'suscipit-perspiciatis-eius-occaecati-dolorum-sit-ab', 'Suscipit perspiciatis eius occaecati dolorum sit ab.', NULL, 'Et ut esse qui consectetur omnis. Sed et aut quo atque. Temporibus autem incidunt optio magni.', 'Dolor maxime sunt modi vel facilis architecto est accusamus. Quisquam pariatur doloremque id nemo qui temporibus velit iusto. Impedit consectetur error est perspiciatis nihil id cum. Aperiam reiciendis voluptatem fuga itaque ut ab.\nFugit nesciunt et fugit mollitia dolores iste est. Sed earum doloribus asperiores quis aliquam voluptas et est. Quaerat quasi sed tempora tempore iste omnis. Aliquam voluptates non exercitationem et nihil architecto. Non dolor qui dolorem maxime aut eveniet omnis.', '2017-05-18 12:17:23', '2017-05-19 11:59:27', '2017-05-05 03:29:54', 8, 1, 0, 1, '2017-06-03 12:23:14', '2017-06-03 12:23:14'),
(685, 'et-aut-et-et', 'Et aut et et.', NULL, 'Ipsum voluptatem molestias explicabo et amet. Et facere qui quibusdam et iste.', 'Ratione amet rerum enim. Esse et non doloremque occaecati reiciendis et distinctio. Eveniet quisquam consequatur vero nostrum voluptatibus officiis illum. Fugiat cupiditate sed assumenda blanditiis fugit vitae id ut.\nConsequatur et magnam ut maiores quo quod. Vero non modi rerum cupiditate dolores ipsam nobis ipsa. Nemo voluptates voluptas nemo dolores odio. Error ut perspiciatis sed et similique.', '2017-05-14 02:35:56', '2017-05-13 00:18:29', '2017-05-26 11:04:58', 74, 1, 1, 1, '2017-06-03 12:23:14', '2017-06-03 12:23:14'),
(686, 'nam-laborum-laborum-dolorum-in-est-et-quia', 'Nam laborum laborum dolorum in est et quia.', NULL, 'Lorem ipsum dolor sit amet, consectetur adipiscing elit. Vivamus suscipit tortor eget felis porttitor volutpat. Pellentesque in ipsum id orci porta dapibus. Donec rutrum congue leo eget malesuada. Vivamus suscipit tortor eget felis porttitor volutpat. Vestibulum ac diam sit amet quam vehicula elementum sed sit amet dui. Donec sollicitudin molestie malesuada. Vivamus magna justo, lacinia eget consectetur sed, convallis at tellus. Vivamus magna justo, lacinia eget consectetur sed, convallis at tellus. Curabitur arcu erat, accumsan id imperdiet et, porttitor at sem.', '<p>Modi aut nulla alias quo molestiae aliquid. Accusamus voluptatem facilis occaecati temporibus. Nam assumenda vel quia. Commodi vitae sit rem quos repellat debitis consequatur. Rerum odit error ipsum qui magnam quisquam. Necessitatibus aspernatur ducimus voluptatem iusto. Iure rerum architecto qui soluta. Voluptatem blanditiis placeat voluptatem ipsum. Est sit omnis maxime sed dolores nihil molestiae. Fugiat aspernatur harum odio.</p>', '2017-05-20 13:36:17', '2017-06-01 19:11:25', '2017-05-14 08:11:45', 25, 1, 1, 1, '2017-06-03 12:23:14', '2017-06-03 12:24:32'),
(687, 'quod-explicabo-alias-vitae-illum', 'Quod explicabo alias vitae illum.', NULL, 'A quo recusandae facilis placeat et aut. Eveniet nemo nostrum et enim dicta.', 'Debitis aut reprehenderit et illo. Corrupti in quis aut ut. Aliquid voluptas accusantium ratione quam enim.\nIn odit dolores voluptatem ipsum itaque eum. Ut velit dolorum dolorem at consectetur. Excepturi dignissimos ab voluptatibus iusto perferendis rem. Neque qui modi aliquam qui eaque.\nEum magni voluptatem id fugit odio. Tempore autem nihil inventore tenetur repudiandae qui vel. Qui commodi expedita nihil non. Molestiae consectetur commodi fugit aut ut.', '2017-05-29 16:45:21', '2017-05-22 09:15:38', '2017-05-15 17:40:08', 32, 1, 0, 0, '2017-06-03 12:23:14', '2017-06-03 12:23:14'),
(688, 'necessitatibus-voluptatem-incidunt-eos-qui', 'Necessitatibus voluptatem incidunt eos qui.', NULL, 'Aut unde et enim qui. Est qui in aliquam sunt odio animi totam.', 'Est facilis repellat quos eos. Sit perferendis explicabo blanditiis. Soluta commodi explicabo suscipit.\nMagnam mollitia iure possimus soluta occaecati. Non nam dolorum qui illo recusandae velit.\nEt maxime atque voluptates accusamus. Omnis repellendus provident corrupti aut esse minus nam. Libero totam iste dolorem autem culpa.\nPossimus quia quidem provident sint laborum. Quaerat nihil cumque error officiis in voluptatem. Asperiores distinctio et optio quia alias occaecati.', '2017-05-09 10:12:13', '2017-05-06 18:06:14', '2017-05-23 20:57:41', 4, 1, 1, 1, '2017-06-03 12:23:14', '2017-06-03 12:23:14'),
(689, 'vitae-ut-quis-odit-distinctio', 'Vitae ut quis odit distinctio.', NULL, 'A nulla optio voluptatibus iusto velit sit omnis. Debitis error iste aut esse totam enim non et.', 'Voluptates molestias molestias ipsa rem et. Et quis soluta suscipit quisquam rerum ut in. Animi nobis ab vitae sit laboriosam repellendus.\nNihil perferendis ea culpa beatae adipisci. Veritatis qui impedit molestiae et voluptatum dignissimos omnis eum.\nEnim iusto quisquam excepturi quaerat corrupti quo enim. Ut consequatur repudiandae est eum. Adipisci aliquam itaque vitae nemo.', '2017-05-25 21:28:43', '2017-05-03 23:10:11', '2017-05-16 03:36:06', 49, 1, 1, 0, '2017-06-03 12:23:14', '2017-06-03 12:23:14'),
(690, 'enim-odit-totam-accusantium-velit-ut-est', 'Enim odit totam accusantium velit ut est.', NULL, 'Aut velit provident rerum sint non. Delectus neque voluptatem dolorem provident et rerum est.', 'Nulla ea quas qui id. Enim dolores natus earum et ut qui earum. Dolorem quia reiciendis et rerum dolor ut consectetur. Natus ipsa et assumenda molestiae qui non facere.\nMaiores ratione nisi perspiciatis. Cumque dolorum aspernatur vel quidem sed. Inventore velit culpa ut temporibus sapiente soluta consequatur sed.\nAliquam deserunt a quo consectetur assumenda et dolorem. Doloremque voluptas ea sunt iste.', '2017-05-30 23:51:57', '2017-05-27 08:55:57', '2017-06-02 01:21:13', 99, 0, 1, 1, '2017-06-03 12:23:14', '2017-06-03 12:23:14'),
(691, 'dicta-consequatur-doloribus-est-sit-sed-natus', 'Dicta consequatur doloribus est sit sed natus.', NULL, 'In quia temporibus assumenda sit porro ea. Aut ea eos velit.', 'Aut deleniti autem accusamus labore quo molestiae. Quo inventore blanditiis ducimus molestias dolorum recusandae numquam. Ipsa rerum ab cum aut facilis quasi.\nDicta expedita ipsam dolor non. Ad tempore aut et consequatur cum. Modi aliquid aspernatur saepe.\nAut magni rerum est aperiam est. Fugit nostrum odit adipisci ullam omnis dolores alias. Et rem vero exercitationem. Inventore praesentium quisquam dolor culpa quasi occaecati distinctio.', '2017-05-12 17:13:46', '2017-05-14 16:45:50', '2017-05-24 13:39:27', 56, 1, 1, 0, '2017-06-03 12:23:14', '2017-06-03 12:23:14'),
(692, 'iusto-rerum-et-iste-fugiat-odit-dicta-alias-officiis', 'Iusto rerum et iste fugiat odit dicta alias officiis.', NULL, 'Placeat autem eum saepe sunt. Nihil totam excepturi ipsam est enim quia.', 'Id quod cupiditate rerum qui nostrum perferendis. Facere labore aut magnam doloremque aliquid. Quam quaerat temporibus voluptas qui iure odio.\nVelit facilis aut explicabo doloribus rerum impedit. Ut rerum est pariatur sit deserunt. Doloremque debitis ullam cumque reiciendis.\nEveniet ab suscipit odio est. Facilis ipsam sequi consequatur doloribus voluptas est ut. Quo a voluptatem minus et porro.', '2017-05-11 04:30:10', '2017-05-09 08:45:17', '2017-05-09 03:24:44', 66, 1, 1, 1, '2017-06-03 12:23:14', '2017-06-03 12:23:14'),
(693, 'animi-occaecati-iure-nesciunt-saepe-eos-alias', 'Animi occaecati iure nesciunt saepe eos alias.', NULL, 'Alias et occaecati nesciunt totam eum aut tempora aliquid. Omnis illum quae omnis.', 'Hic laboriosam accusamus soluta et architecto accusamus beatae. Sequi mollitia modi sit sed. Magni consequatur magnam vitae quae temporibus. Vero et a sapiente harum blanditiis.\nNumquam sit est dolores ut autem veritatis. Consequatur quod magnam sapiente vitae doloremque dolorem. Delectus natus et sit cumque.\nMolestiae aliquid qui tempore. Aspernatur et alias veniam soluta debitis illo voluptatem. Itaque in architecto commodi qui sunt. Placeat omnis alias nemo doloribus.', '2017-05-22 10:11:06', '2017-06-02 21:40:06', '2017-05-29 10:07:08', 7, 1, 1, 1, '2017-06-03 12:23:14', '2017-06-03 12:23:14'),
(694, 'tempore-nisi-et-voluptas-qui-architecto', 'Tempore nisi et voluptas qui architecto.', NULL, 'Qui ea non eius iste. Fugit fugit amet est. Officia rerum aut et voluptas accusantium.', 'Omnis sunt deserunt voluptatem ratione. Vero porro doloremque quae. Fuga qui sit quasi veritatis.\nDolore est enim et ea. Totam et quod qui amet qui. Qui quia quibusdam possimus at eos quia quod. Laboriosam dolor tempora voluptatem cumque consequatur ullam ea. Ullam voluptatem ipsum commodi accusantium.\nProvident deserunt officiis mollitia eum nemo. Et et quasi dolorem et sapiente. Molestias accusantium quia aut ratione assumenda.', '2017-05-20 10:32:45', '2017-05-06 02:24:31', '2017-05-27 04:03:06', 5, 1, 0, 0, '2017-06-03 12:23:14', '2017-06-03 12:23:14'),
(695, 'aut-nobis-nihil-sit-magni-similique', 'Aut nobis nihil sit magni similique.', NULL, 'Error et quis sequi cupiditate quod omnis animi. Deleniti error voluptate ullam voluptatibus.', 'Natus magni aut qui repellat. Est atque voluptates aut natus molestiae. Temporibus dolore ullam ipsam qui autem qui. Quod dolor tempora nostrum voluptatem accusantium eaque.\nMaxime aliquid ratione et odio optio. Asperiores est adipisci qui ipsa sapiente. Asperiores quod expedita aspernatur ut. Est qui ea qui itaque non est omnis.\nNihil neque tempora sed dolorem rerum aut. Et et soluta id. Eos dolorem ipsa possimus qui. Ipsa vitae quia sit autem odio.', '2017-05-04 03:50:55', '2017-05-13 19:34:11', '2017-06-01 13:34:38', 29, 1, 0, 0, '2017-06-03 12:23:14', '2017-06-03 12:23:14'),
(696, 'non-hic-eius-sit-omnis-in', 'Non hic eius sit omnis in.', NULL, 'Quaerat et magnam unde sint. Aut enim sint magnam consequatur.', 'Accusantium dolorem iure ipsum. Sit quaerat earum dolor consequatur. Rerum incidunt perspiciatis deleniti ut. Eos odio laboriosam laudantium.\nNeque delectus ducimus ex. Quaerat ipsam molestias et deserunt. Quia et enim ut. Quia ab ad sed et repellendus quas omnis.\nSed ea occaecati voluptatem. Sit soluta eaque omnis reprehenderit molestiae. Sit neque et itaque ut porro incidunt. Voluptates ea modi animi.', '2017-05-04 13:00:22', '2017-05-26 12:10:03', '2017-05-17 04:12:18', 46, 0, 0, 1, '2017-06-03 12:23:14', '2017-06-03 12:23:14'),
(697, 'aliquid-nulla-eos-nihil-iste-praesentium', 'Aliquid nulla eos nihil iste praesentium.', NULL, 'Quo animi aut dolor voluptatem architecto. Nisi expedita neque eaque velit. Dolor aut enim odio.', 'Ab expedita autem eum error illo. Voluptatem dolorem consectetur autem est velit dolorem. Et architecto sint repellat qui aperiam architecto. Totam perspiciatis quis eius.\nAccusamus rerum voluptatibus veniam debitis minus autem. Enim cumque deleniti repudiandae iste doloremque nam. Dolores totam ab hic enim est.\nVeritatis ducimus eligendi deserunt explicabo. Quam provident qui quia sit quis quod. Amet aut corrupti ea error sunt laborum molestiae.', '2017-05-22 02:19:11', '2017-05-21 01:31:46', '2017-05-27 20:04:01', 10, 0, 0, 0, '2017-06-03 12:23:14', '2017-06-03 12:23:14'),
(698, 'quae-nihil-et-commodi-aut-maiores-amet-ex-possimus', 'Quae nihil et commodi aut maiores amet ex possimus.', NULL, 'Iure consequatur rerum ea quod. Sunt est natus aliquid sapiente sint enim. Esse et quasi est dolor.', 'Consequatur ipsum quasi omnis placeat eius ipsum consequatur. Ad consequatur velit dolores maxime accusantium ut rerum. Sit illo aspernatur veritatis itaque nihil dolorem laudantium odio.\nSoluta neque aut minus fuga voluptas vitae quo. Dolor dolor sint adipisci reiciendis. Et odio autem rerum.\nNon placeat sit illum id qui eveniet. Exercitationem qui et voluptas omnis magnam. Tempore eveniet similique repellat eos.', '2017-05-04 22:02:12', '2017-05-13 02:32:28', '2017-05-16 00:12:16', 68, 0, 0, 0, '2017-06-03 12:23:14', '2017-06-03 12:23:14'),
(699, 'officia-quibusdam-minus-hic-iusto-quam-molestias-porro-hic', 'Officia quibusdam minus hic iusto quam molestias porro hic.', NULL, 'Officiis quibusdam ut et suscipit explicabo libero vitae. Incidunt quia sed vel qui ea non atque.', 'Saepe tenetur fuga maiores unde placeat. Saepe maiores consectetur molestiae voluptas a veniam voluptas. Minus occaecati ut quos nulla quia quidem recusandae. Nam quia nam amet qui quibusdam ut id. Molestiae quidem omnis repellat quia velit maxime qui fugit.\nEx modi blanditiis odio sint assumenda ullam amet. Odio tenetur doloremque qui qui sed. Fugiat ex officia provident mollitia. Accusamus aut enim id commodi labore ipsa.', '2017-05-28 14:03:25', '2017-05-28 16:44:28', '2017-06-02 23:54:04', 59, 1, 0, 0, '2017-06-03 12:23:14', '2017-06-03 12:23:14'),
(700, 'optio-omnis-omnis-sed-hic-ipsum-ex-tenetur', 'Optio omnis omnis sed hic ipsum ex tenetur.', NULL, 'Modi quasi dolore quisquam numquam ipsam. Facere officiis cumque autem quidem aut.', 'Quidem voluptates et sapiente quaerat praesentium ducimus ut. Magni quis aut at laboriosam optio non qui. Minima corrupti autem quam quia assumenda reiciendis ad.\nVel eum est qui error. Aspernatur qui quos reprehenderit iste tenetur. Error laborum voluptas est eligendi. Eum blanditiis eligendi ipsa reprehenderit sunt nihil.\nQuo esse reiciendis qui iusto. Blanditiis inventore suscipit odit. Ullam totam qui eligendi sed cum.', '2017-05-16 12:27:04', '2017-05-18 23:23:07', '2017-05-20 16:47:33', 92, 1, 1, 1, '2017-06-03 12:23:14', '2017-06-03 12:23:14'),
(701, 'est-voluptatum-omnis-ratione-aspernatur-aut-placeat-ut', 'Est voluptatum omnis ratione aspernatur aut placeat ut.', NULL, 'Voluptatibus amet earum quibusdam qui. Alias quaerat fugiat incidunt.', 'Dolores id velit ad expedita quod magnam dolorem soluta. Eveniet nam vero facilis dolor consequatur. Ut eum asperiores temporibus tempora aliquid sit. Ea earum consequuntur eligendi.\nIure maiores dolor eum provident molestias sequi. Placeat voluptas et explicabo eius. Natus qui recusandae ab officiis id expedita autem. Porro ut ut quam sed quos ut nobis dolores.', '2017-05-17 04:15:49', '2017-05-05 01:18:26', '2017-05-06 21:13:04', 23, 1, 1, 1, '2017-06-03 12:23:14', '2017-06-03 12:23:14'),
(702, 'similique-pariatur-a-possimus-sed-temporibus-amet-voluptate-modi', 'Similique pariatur a possimus sed temporibus amet voluptate modi.', NULL, 'Earum illum tempore autem praesentium tempora eum tenetur. Natus rem velit natus.', 'Est voluptas et veritatis et provident quis in. Ut a esse explicabo est non eum.\nMolestias enim sed occaecati laudantium est. Excepturi voluptatem impedit vel sit qui consequuntur cumque veniam. Saepe adipisci aut est autem. Quidem adipisci voluptates nostrum consequatur.\nConsequatur reiciendis distinctio voluptatum itaque sed qui id ipsa. Voluptatem repellat corrupti est laborum omnis.\nEst quia pariatur nam illo velit enim. Aspernatur id provident laboriosam odit ut asperiores quo.', '2017-05-28 18:22:10', '2017-05-23 23:58:22', '2017-05-06 07:08:01', 53, 0, 1, 0, '2017-06-03 12:23:14', '2017-06-03 12:23:14'),
(703, 'fuga-ut-nesciunt-magni-quas-incidunt-quae-ducimus', 'Fuga ut nesciunt magni quas incidunt quae ducimus.', NULL, 'Qui maiores eaque corporis qui sed beatae. Rem illum et voluptas tempore nisi quia voluptas autem.', 'Dolorem nulla ratione quia sequi voluptas magnam. Dolores fugit impedit voluptas. Ea at optio vitae veritatis laudantium doloremque. Officiis velit aut exercitationem animi cum molestiae nesciunt.\nSunt dolor maiores rem et. Qui odit amet non delectus. Sint quo rerum blanditiis quis reiciendis.\nNulla laboriosam incidunt accusantium voluptatem. Aut reprehenderit ipsa quaerat et sapiente maxime nihil. Impedit aut labore aut. Eos in qui neque non.', '2017-05-26 03:14:09', '2017-05-19 02:14:54', '2017-05-23 13:54:28', 17, 0, 0, 0, '2017-06-03 12:23:14', '2017-06-03 12:23:14'),
(704, 'consectetur-doloremque-voluptatibus-beatae-illum-veniam-et-voluptas', 'Consectetur doloremque voluptatibus beatae illum veniam et voluptas.', NULL, 'Qui minus excepturi dolorem. Et ab quas nemo sit. Debitis aut quod enim beatae ea.', 'Dolore voluptatem iure earum repellat. Nobis voluptate quod architecto maiores fugit soluta natus. Sunt laudantium quaerat labore iusto sint quo at officia.\nAccusantium est eaque earum vel perferendis quis quod tenetur. Provident quas ut tempore sunt sint autem quae. Error aliquid dolor fuga eos alias. Voluptatem quo molestias consequatur reprehenderit assumenda eum neque.', '2017-05-20 18:23:54', '2017-05-21 02:44:43', '2017-05-22 19:39:13', 76, 1, 0, 0, '2017-06-03 12:23:14', '2017-06-03 12:23:14'),
(705, 'animi-quia-perferendis-est-quo-necessitatibus-quis-molestias', 'Animi quia perferendis est quo necessitatibus quis molestias.', NULL, 'Aliquam deserunt ducimus qui provident. Nobis esse fugiat nihil quia provident et dignissimos.', 'Aut minus aut nihil. Eveniet deleniti et soluta qui sint. Aut nesciunt maiores impedit eos.\nPariatur autem ducimus delectus temporibus. Voluptatem totam officiis aut fuga voluptates.\nRerum excepturi aliquid deserunt a consectetur quo labore. In voluptas quia perferendis. Qui excepturi dignissimos est esse earum velit.\nAutem impedit corporis corrupti asperiores maxime esse similique. Voluptatem qui delectus excepturi ea. Incidunt tempora et sunt occaecati eum delectus iste aut.', '2017-05-11 08:26:33', '2017-06-03 16:31:11', '2017-05-27 20:41:55', 54, 0, 0, 0, '2017-06-03 12:23:14', '2017-06-03 12:23:14'),
(706, 'sequi-quia-consequatur-nisi-eos-repellat-aspernatur-et', 'Sequi quia consequatur nisi eos repellat aspernatur et.', NULL, 'Eligendi excepturi adipisci tempora. Numquam veniam eveniet minima aspernatur veniam laudantium.', 'Cumque consequuntur omnis optio similique dignissimos. Et exercitationem eaque soluta deserunt maxime. Eveniet tempora et quae quia sed. Consequatur rem eum et perferendis omnis voluptatum aspernatur.\nLibero consequuntur quis fugit sit velit. Dolorem facere et dolorum doloribus corrupti. Rem explicabo ullam maiores voluptates rerum qui.', '2017-05-23 11:37:53', '2017-05-04 22:36:30', '2017-05-18 11:08:20', 38, 1, 1, 0, '2017-06-03 12:23:14', '2017-06-03 12:23:14'),
(707, 'voluptate-repudiandae-et-hic-veniam-et', 'Voluptate repudiandae et hic veniam et.', NULL, 'At quidem itaque est. Placeat corrupti omnis est est in.', 'Aliquam sit magni tempora a et voluptates. Exercitationem possimus tenetur praesentium dolorem odit dolor. Omnis vel et incidunt incidunt consequatur sit assumenda rerum.\nPlaceat voluptas quia vel qui ut exercitationem ut. Quae libero consectetur et amet. Repellendus occaecati velit consequatur qui quis.\nAb beatae ea nihil ut provident sed et illo. Iure ab ab non aspernatur ea quia. Dolorum occaecati fuga nobis doloremque.', '2017-05-23 14:35:02', '2017-05-04 19:07:18', '2017-05-24 22:22:16', 88, 1, 0, 1, '2017-06-03 12:23:14', '2017-06-03 12:23:14'),
(708, 'exercitationem-iusto-aut-iure', 'Exercitationem iusto aut iure.', NULL, 'Perspiciatis enim quia cum debitis quidem sapiente. Et velit autem labore sint quis dolor rerum.', 'Animi molestiae similique voluptas illum vel soluta sint itaque. Dicta placeat nisi sed iste. Consequatur aut dolorem et modi doloremque voluptates.\nTempora amet exercitationem quo itaque quisquam. Quam animi reprehenderit numquam. Ea magnam reprehenderit blanditiis autem porro omnis mollitia.\nPorro culpa nam porro consequatur praesentium. Nostrum maxime adipisci dolorum qui sed. Ipsam perspiciatis vel quo harum iure labore asperiores.', '2017-05-09 18:39:03', '2017-05-07 03:21:25', '2017-05-19 09:42:26', 60, 0, 0, 0, '2017-06-03 12:23:14', '2017-06-03 12:23:14'),
(709, 'et-impedit-iste-illum-expedita-occaecati', 'Et impedit iste illum expedita occaecati.', NULL, 'Dolore dicta inventore repudiandae atque. Tempore aliquam est dolorem. Atque eius sequi iste.', 'Non blanditiis laudantium non. Ut rerum libero unde enim occaecati. Provident nostrum nam et laboriosam delectus ad distinctio necessitatibus. Earum sit molestias repellat vel quos deserunt quis.\nEt iure consequuntur sed vel iusto. Et vel minima eius voluptate. Veritatis ad laudantium nihil aperiam voluptatem aut. Ad earum quis ratione voluptatum doloremque cumque odit. Et quia quia sit et molestias.', '2017-05-19 07:56:05', '2017-05-04 08:29:26', '2017-05-23 16:49:51', 98, 1, 0, 0, '2017-06-03 12:23:14', '2017-06-03 12:23:14'),
(710, 'omnis-ut-amet-eos-non-nobis', 'Omnis ut amet eos non nobis.', NULL, 'Optio praesentium id molestiae praesentium. Numquam est eum asperiores optio eum vel asperiores at.', 'Dicta saepe saepe qui quod. Consequatur sunt aperiam ducimus quo et aut sed. Nam non fuga provident quam dolorum et. Maiores accusantium accusamus totam atque dolorum.\nModi ipsam aut sed. Et adipisci sunt iusto. Soluta fugit vel qui voluptatibus. Sed ad delectus eos aut accusantium vel.\nLaboriosam qui et totam dolorum rem delectus eius. Alias eum vel dolores et eum voluptas. Blanditiis id quae id exercitationem debitis repellat voluptas earum. Nihil eveniet et debitis odio. Sed rem quo nostrum.', '2017-05-22 08:05:59', '2017-05-27 20:46:43', '2017-05-12 02:29:47', 9, 0, 0, 1, '2017-06-03 12:23:14', '2017-06-03 12:23:14'),
(711, 'minima-numquam-magnam-molestias-repellendus', 'Minima numquam magnam molestias repellendus.', NULL, 'Itaque eum aut eligendi modi magni aut. Quibusdam aut et est quo qui modi nihil.', 'Vel ut veniam sed maxime. Autem sit autem fuga cum id neque minus. Dolorem asperiores autem sed magni et ea. Debitis excepturi soluta dolores est consectetur consectetur vitae voluptas. Cupiditate odit et omnis voluptatum mollitia quas quis libero.\nQuaerat et aut quia et. Ipsum nostrum occaecati quia et eaque dolore iusto. Voluptatibus eos labore qui id commodi.', '2017-05-29 17:07:41', '2017-05-21 03:50:07', '2017-05-11 20:49:34', 14, 1, 1, 0, '2017-06-03 12:23:14', '2017-06-03 12:23:14'),
(712, 'quidem-rem-enim-molestiae-velit-et-veritatis-quia', 'Quidem rem enim molestiae velit et veritatis quia.', NULL, 'Deserunt suscipit fugiat in vel corporis. Accusamus saepe voluptatem assumenda et.', 'Mollitia fugiat eum nemo dicta ullam. Ipsam sint et quod dolorem. Et possimus omnis commodi.\nAliquid doloribus sunt omnis sint harum praesentium nisi quia. Soluta libero non beatae. Molestiae omnis eligendi ut ut.\nRem id aperiam dolor et delectus rem. Corrupti accusantium nisi omnis eligendi. Porro alias architecto a ratione.\nQui fugit molestiae vel. Voluptas tempora qui tenetur rerum ut non autem. Corporis eum est tempore qui iste tempore. Officia hic id et.', '2017-05-13 18:00:52', '2017-05-12 23:07:02', '2017-05-31 09:07:06', 11, 1, 1, 1, '2017-06-03 12:23:14', '2017-06-03 12:23:14'),
(713, 'voluptate-non-odit-voluptatem-quaerat-magni-consequatur-sed', 'Voluptate non odit voluptatem quaerat magni consequatur sed.', NULL, 'Eos dolore fugit sit provident repudiandae fuga sit. Ex voluptas est quia commodi aperiam.', 'Quo pariatur odit tenetur blanditiis. Fuga odio voluptatem dolores et et animi. Commodi est id rerum.\nUt aut culpa quae voluptatem. Rerum sed aperiam nisi dolorum. In cum et inventore et libero dicta ut. Aliquid dolores quia eaque vero aperiam et.\nAutem sint iure praesentium et est nostrum dolore. Amet id occaecati nihil voluptatem id recusandae quod. Veritatis atque eum suscipit non occaecati aut. Voluptas id quia est aut eveniet ipsum.', '2017-05-06 19:59:28', '2017-05-25 08:03:18', '2017-06-03 00:36:10', 71, 0, 1, 0, '2017-06-03 12:23:14', '2017-06-03 12:23:14'),
(714, 'modi-quae-voluptas-non-cumque-atque-qui-provident-vel', 'Modi quae voluptas non cumque atque qui provident vel.', NULL, 'Sint quam ea optio vitae est amet quos. Ut qui id odio. Recusandae nihil voluptas quia quisquam.', 'Quis suscipit eius qui dolorem odio possimus nesciunt laborum. Harum asperiores ducimus aut officiis. Et voluptas voluptatem quisquam et error recusandae.\nQuia voluptas recusandae excepturi recusandae magni maiores. Earum id eos expedita.\nMagni aut impedit adipisci corporis dolorum. Quibusdam expedita est dolore temporibus et veritatis. Aperiam doloremque reiciendis molestias fuga ad ipsa magni.\nPerspiciatis doloribus consectetur omnis temporibus. Consequatur commodi saepe sed aut et.', '2017-05-24 04:45:51', '2017-05-27 21:02:29', '2017-05-21 16:05:16', 96, 0, 0, 1, '2017-06-03 12:23:14', '2017-06-03 12:23:14'),
(715, 'maiores-necessitatibus-sed-omnis-veniam-dolores-illo', 'Maiores necessitatibus sed omnis veniam dolores illo.', NULL, 'Aut incidunt delectus et dolores. Qui ad et qui dolores nisi odio. Deleniti sapiente quis modi.', 'Ut perspiciatis natus rerum. Ea nostrum reprehenderit rem aliquid reiciendis ipsa aut. Doloremque dicta doloremque ut sit eum qui et temporibus. Voluptatibus eaque ut sequi laborum iste non.\nUt odio a eos. Quia error minus ut ipsa. In illum sequi deleniti dicta veritatis repudiandae. Molestiae quis voluptatem ipsa eius velit non nulla natus.', '2017-05-06 10:31:59', '2017-05-09 18:57:32', '2017-05-19 06:33:25', 6, 0, 1, 0, '2017-06-03 12:23:14', '2017-06-03 12:23:14'),
(716, 'est-molestias-eveniet-a-perferendis', 'Est molestias eveniet a perferendis.', NULL, 'Ut laboriosam sunt nulla ratione id doloremque. Odit voluptates blanditiis quisquam rerum quae.', 'Sit aut sed ipsa eaque. Ipsum et et ipsum quis. Et tempora dignissimos qui repudiandae.\nIn rem et modi minus quia error esse. Iusto in dicta ipsam. Quia ut autem consequatur est. Vel repellat iure eaque sed quibusdam ea est.\nIure porro exercitationem consequatur odit error. Ut quis voluptatem consectetur repudiandae hic quasi.\nNam atque eum adipisci ex impedit. Et in voluptatem omnis est neque cum.', '2017-05-26 17:14:29', '2017-05-17 02:34:44', '2017-05-06 19:25:52', 89, 1, 0, 1, '2017-06-03 12:23:14', '2017-06-03 12:23:14');
INSERT INTO `posts` (`id`, `slug`, `title`, `image`, `short_description`, `description`, `start_date`, `end_date`, `event_date`, `display_order`, `is_featured`, `show_on_banner`, `status`, `created_at`, `updated_at`) VALUES
(717, 'sint-officia-accusamus-vitae-harum-delectus-quos-consequuntur', 'Sint officia accusamus vitae harum delectus quos consequuntur.', NULL, 'Beatae dolores ut dolor incidunt. Et quo sapiente quia eveniet dolor quisquam.', 'Cumque asperiores voluptas exercitationem cupiditate soluta distinctio. Dolore autem nobis voluptas consequatur tempore. Quia omnis omnis aspernatur quibusdam nesciunt.\nHarum et inventore maxime neque quod placeat veniam corrupti. Et eum nesciunt eligendi et explicabo natus ratione. Eos accusantium odio tenetur dolores reprehenderit occaecati.\nDoloremque commodi doloremque labore officia aut accusantium sit. Numquam vel cumque in omnis beatae voluptatibus et inventore.', '2017-05-06 00:12:43', '2017-05-29 03:03:49', '2017-05-05 01:25:40', 83, 0, 0, 1, '2017-06-03 12:23:14', '2017-06-03 12:23:14'),
(718, 'aut-quia-voluptas-et-officiis-iusto-qui', 'Aut quia voluptas et officiis iusto qui.', NULL, 'Omnis odit sunt rerum maiores voluptas. In voluptatem natus rerum error ipsa quia perferendis.', 'Adipisci non maiores nisi dignissimos dignissimos distinctio omnis. Exercitationem ullam natus qui eveniet quis et. Sapiente laudantium officia quaerat neque officia. A autem praesentium eos vero.\nQui rem labore consequatur repudiandae. Quos voluptatem et et nulla quisquam minus quod et. Quo accusamus aspernatur quos totam. Facilis ut nostrum nihil et provident.\nVelit architecto repudiandae at dolor maxime. Eius ea distinctio ut consequuntur non magnam.', '2017-05-23 20:21:51', '2017-05-15 03:24:22', '2017-05-05 15:45:21', 31, 1, 1, 0, '2017-06-03 12:23:15', '2017-06-03 12:23:15'),
(719, 'optio-omnis-quae-provident-ad-dolor-consequatur-deserunt', 'Optio omnis quae provident ad dolor consequatur deserunt.', NULL, 'Unde omnis ad qui asperiores. Quas dolore dolores sed. Ut sed rerum et cupiditate sequi.', 'Accusamus suscipit distinctio voluptates. Tempore corporis neque nam quae id ipsam. Et nesciunt vel eius qui rerum aliquid. Voluptas nam enim cupiditate quidem.\nVitae laboriosam et maxime mollitia. Voluptatum sed ipsum ut assumenda cupiditate recusandae. Explicabo quia dolores libero eligendi reprehenderit fuga officiis. Adipisci beatae placeat sint sapiente non.', '2017-05-16 15:20:02', '2017-05-13 12:13:35', '2017-05-20 20:02:49', 12, 0, 0, 1, '2017-06-03 12:23:15', '2017-06-03 12:23:15'),
(720, 'omnis-deleniti-saepe-dolorum-aperiam-quis-consequatur-ducimus', 'Omnis deleniti saepe dolorum aperiam quis consequatur ducimus.', NULL, 'Id asperiores nostrum et officia. Rerum consequatur officiis sit vel illum.', 'Blanditiis adipisci quae vero veritatis est. Accusantium sed aut doloremque corporis.\nItaque laudantium quos vel et officiis blanditiis. Quia enim aliquam voluptas vero minus non earum. Quae nisi sapiente quia voluptatibus quas incidunt. Aliquid id quo qui est.\nPlaceat est dolorem sapiente ut. Nostrum aut enim aliquam. Quia exercitationem ipsam possimus quia fugiat est. Ex aut provident rerum non.', '2017-05-14 11:12:22', '2017-05-30 16:18:01', '2017-05-22 22:52:29', 61, 0, 1, 1, '2017-06-03 12:23:15', '2017-06-03 12:23:15'),
(721, 'ipsam-vitae-dolores-modi-vitae-qui-unde-fugit', 'Ipsam vitae dolores modi vitae qui unde fugit.', NULL, 'Sequi quis sed nihil est. Ea dolorem consequatur cumque est impedit alias sapiente.', 'Dolorem vero nostrum ut aut officia veritatis. Itaque eos rerum vero voluptatem. Velit ut non ab dignissimos ratione quia.\nQui enim sit et quo voluptatem omnis. Rerum omnis temporibus sit. Nostrum officiis veniam sed qui voluptatem non natus. Sed corrupti qui et.\nQuaerat ea perspiciatis ducimus voluptatem enim. Doloribus eos aperiam id repudiandae doloribus nam quod. Nisi sit id consectetur cum consectetur modi. Quia doloremque voluptas laboriosam sit magnam.', '2017-05-26 18:01:14', '2017-06-03 17:25:44', '2017-05-11 07:59:55', 16, 1, 0, 0, '2017-06-03 12:23:15', '2017-06-03 12:23:15'),
(722, 'nam-tempora-quis-error-mollitia-asperiores-voluptatibus-et', 'Nam tempora quis error mollitia asperiores voluptatibus et.', NULL, 'Voluptatem dolores sit nihil quis officiis quo reiciendis. Labore magnam quibusdam minus qui.', 'Odit beatae earum animi voluptate a. Laudantium laudantium ratione qui et qui numquam. Omnis sint eveniet et ea. Sit et et magnam occaecati.\nLaborum laborum molestiae omnis ducimus hic. Dolores voluptatibus exercitationem accusantium qui quo molestiae. Ut deserunt est magni accusantium. Id impedit in est itaque.\nVoluptatem blanditiis eum molestias et unde qui. Est consequatur repudiandae aut voluptas pariatur et mollitia. Rerum nostrum repudiandae eligendi blanditiis rerum tenetur.', '2017-06-02 23:45:18', '2017-06-01 20:35:21', '2017-05-04 03:21:44', 21, 1, 1, 1, '2017-06-03 12:23:15', '2017-06-03 12:23:15'),
(723, 'sit-qui-rerum-earum-voluptatum-tempore-distinctio-voluptate-soluta', 'Sit qui rerum earum voluptatum tempore distinctio voluptate soluta.', NULL, 'Ea placeat minus consectetur labore velit. Assumenda id porro adipisci dolorem qui illum at.', 'Aut molestias blanditiis aut accusamus repellendus at tempora. Sunt et quia quia perferendis qui sit atque. Praesentium explicabo vel sapiente non aut reprehenderit. Et exercitationem et odit enim quam esse.\nPerferendis repudiandae qui nisi tenetur dolore enim. Ut inventore ullam id voluptate. Est sed repellat omnis quibusdam explicabo dolores autem.', '2017-06-02 13:55:20', '2017-05-10 20:48:47', '2017-06-02 22:33:09', 95, 1, 1, 0, '2017-06-03 12:23:15', '2017-06-03 12:23:15'),
(724, 'beatae-dolores-non-ullam-sint-est', 'Beatae dolores non ullam sint est.', NULL, 'Eveniet ullam est molestiae illo. Numquam odio non sit aut error. Sed officia in rerum aliquid.', 'Incidunt iusto ex aut aut. At quae itaque perferendis quia reiciendis quis cumque. Sed quidem ut quo nihil.\nNesciunt praesentium repellendus est corporis. Non excepturi odio minus explicabo. Molestiae aut reiciendis maxime quia. Consectetur et sunt quasi est alias consequatur odio quis.\nQuae sunt at consectetur consequatur enim. Consequuntur est repellendus sed quis est ut. Quam vel ut ut saepe dolor.', '2017-05-07 22:35:55', '2017-05-11 18:08:24', '2017-06-03 09:12:00', 91, 0, 1, 0, '2017-06-03 12:23:15', '2017-06-03 12:23:15'),
(725, 'explicabo-non-dolorum-ut-quo-excepturi', 'Explicabo non dolorum ut quo excepturi.', NULL, 'Iste quis quisquam repudiandae architecto. Fuga aut voluptatum dolore.', 'Soluta ut tenetur sapiente quia aliquid veritatis. Inventore iusto aut est nisi omnis voluptatem. Non recusandae ut quia hic ullam ipsam blanditiis.\nEt sed a nihil quae. Ea quae aliquid commodi occaecati sapiente quia et. Aut ducimus expedita sit molestias eaque.\nConsequuntur repellat occaecati sint ut tempore odio suscipit est. Aliquid adipisci veritatis consequuntur cum soluta. Impedit est libero voluptatem sapiente soluta dolor.', '2017-05-07 23:19:53', '2017-05-21 14:04:24', '2017-06-01 07:16:18', 36, 1, 0, 1, '2017-06-03 12:23:15', '2017-06-03 12:23:15'),
(726, 'tempore-voluptatem-dolores-vero-dolor-est', 'Tempore voluptatem dolores vero dolor est.', NULL, 'Qui saepe debitis sint laudantium error quo expedita ipsam. Nihil molestiae iste nihil quasi.', 'Eum officiis nobis dignissimos consequuntur incidunt quo consequatur. Hic non doloremque ut necessitatibus accusantium voluptas est. Rerum atque qui tempora sunt earum.\nNatus totam aut consequatur fugiat. Consequatur laboriosam repellat voluptatibus. Provident explicabo est asperiores aut.\nRepudiandae ducimus sit qui est adipisci. Molestiae voluptatem sed minus numquam eos. Impedit reprehenderit quisquam voluptatem sequi consequatur.', '2017-05-10 02:06:28', '2017-05-18 05:37:54', '2017-06-03 13:06:06', 65, 1, 0, 1, '2017-06-03 12:23:15', '2017-06-03 12:23:15'),
(727, 'minus-numquam-pariatur-aut-accusamus-ratione-sed-vel', 'Minus numquam pariatur aut accusamus ratione sed vel.', NULL, 'Quam molestiae et vitae necessitatibus molestiae. Quas sed id fuga provident ratione.', 'Dolores quo alias voluptatem totam nesciunt in harum accusantium. Voluptatem dolorum iure magni vel velit. Voluptas consequatur quis voluptatem odio provident.\nVoluptatem esse doloribus voluptas pariatur quod iure qui. Similique architecto delectus odit culpa.\nCorrupti iure nesciunt voluptatibus expedita exercitationem non. Sit natus et error dicta veritatis labore. Dolorem incidunt ea delectus sequi est tenetur.', '2017-05-29 09:51:32', '2017-05-11 14:16:24', '2017-05-14 08:21:01', 80, 0, 1, 0, '2017-06-03 12:23:15', '2017-06-03 12:23:15'),
(728, 'et-quisquam-voluptatum-enim-aut-sint-veniam-aut', 'Et quisquam voluptatum enim aut sint veniam aut.', NULL, 'Excepturi quaerat cum cum quos alias. Eos est officiis est praesentium explicabo.', 'Ut rerum voluptatum ut beatae quia quis. Non repudiandae fugit ullam voluptas. Est ratione voluptatem perferendis est. Minus dolor molestiae non.\nRerum ullam neque consequuntur quia mollitia saepe. Cupiditate quidem excepturi possimus cumque autem numquam quidem. Qui error tenetur minus doloremque odio sed. Sunt dolorum consequatur eum quidem aut nam qui. Occaecati est earum aut odio.', '2017-05-24 19:28:33', '2017-05-19 01:20:27', '2017-05-22 03:14:39', 47, 0, 1, 1, '2017-06-03 12:23:15', '2017-06-03 12:23:15'),
(729, 'repellat-distinctio-maxime-quisquam-quisquam-voluptatem-qui', 'Repellat distinctio maxime quisquam quisquam voluptatem qui.', NULL, 'Eius odio minus ex sit consequatur laborum. Voluptas vel ducimus et similique libero neque.', 'Quisquam reiciendis est alias nobis tenetur. Magni quia tenetur quaerat aliquam voluptatum. Non ea pariatur dolorem officiis id est.\nQuos quibusdam reiciendis corporis quaerat minus. Qui magnam quia beatae ullam doloribus deleniti praesentium omnis. Eligendi eaque voluptatem eos consequatur qui quia. Aspernatur ducimus voluptatem velit nulla nesciunt sit voluptates.', '2017-06-02 14:18:55', '2017-05-30 16:30:45', '2017-05-17 11:54:52', 3, 0, 0, 0, '2017-06-03 12:23:15', '2017-06-03 12:23:15'),
(730, 'eligendi-quia-quos-laudantium-ab-consequatur', 'Eligendi quia quos laudantium ab consequatur.', NULL, 'Incidunt omnis id ex tempore reiciendis quia ab. Est rerum sit nobis et nam.', 'Enim magnam est nobis. Similique non fugiat est.\nQuia aut laboriosam sed nesciunt. Alias id voluptas molestias est accusantium. Vero ab sint earum. Praesentium dolores sunt commodi ut ex.\nAut non provident dolor excepturi dignissimos. Inventore accusamus voluptatem harum ea id.\nIure quia quo asperiores odit tenetur quis nobis. Explicabo in dolores earum corporis. Voluptatibus eos numquam quidem.', '2017-05-26 19:53:12', '2017-05-31 01:16:36', '2017-05-24 17:53:20', 90, 1, 1, 1, '2017-06-03 12:23:15', '2017-06-03 12:23:15'),
(731, 'voluptatum-quisquam-in-voluptas-iste-vel', 'Voluptatum quisquam in voluptas iste vel.', NULL, 'Facere sunt sequi commodi qui sit vero. Est in aut consequatur ut sit.', 'Et iusto voluptates illum omnis eum. Sit amet rerum recusandae repellendus saepe quod doloribus. Fuga est distinctio placeat doloribus. Voluptatem dolorum accusantium ratione explicabo in. Nihil inventore optio aut impedit.\nIn quia eum voluptatem nulla omnis corporis neque aut. Eius repellat odio quia sequi commodi ut numquam. Cum id velit asperiores debitis.\nDelectus est minima esse. Ea excepturi distinctio quia voluptatem nihil rem. Qui officia est eum consequatur dolores.', '2017-05-30 07:29:50', '2017-05-24 23:08:57', '2017-05-26 16:47:14', 35, 0, 1, 0, '2017-06-03 12:23:15', '2017-06-03 12:23:15'),
(732, 'aut-praesentium-quis-a-non-minus-esse-neque', 'Aut praesentium quis a non minus esse neque.', NULL, 'Rerum aut sint deserunt iusto asperiores. Rerum ducimus labore temporibus nobis fuga placeat.', 'Corrupti earum sed rerum magnam qui adipisci. Quisquam magnam est commodi aut ducimus neque. Quos qui ea consequuntur odit et ipsum natus.\nIn facilis est consectetur veniam similique ab doloribus. Laudantium vero neque quia voluptatum est quia. Consequatur minima autem corporis et et ipsa aut. Voluptatem quis facere sapiente.\nUt ut maxime ducimus sapiente. Repellat aut ipsa voluptate. Et pariatur voluptates sed eveniet.', '2017-05-17 16:30:55', '2017-05-29 23:45:11', '2017-05-26 08:43:44', 85, 1, 0, 0, '2017-06-03 12:23:15', '2017-06-03 12:23:15'),
(733, 'neque-sed-veritatis-quia-veritatis-quod-fugiat', 'Neque sed veritatis quia veritatis quod fugiat.', NULL, 'Delectus fuga quam impedit quis deserunt. Sint harum aliquam adipisci fugit accusantium sed.', 'Tempore repellat velit repellat. Tempore quo saepe iusto placeat est. Accusantium pariatur temporibus possimus assumenda culpa inventore quis.\nItaque aliquam asperiores molestiae omnis. Voluptate ab tempore qui quasi quia quasi.\nTotam ut impedit qui consequatur. Quo tempora architecto consequatur consectetur voluptatem. Incidunt qui et tempore explicabo dolores.\nCommodi sint maxime dolorem dolores. Et libero maxime quos quia dolore perferendis. Alias consequatur reprehenderit hic illum vitae.', '2017-05-12 02:27:31', '2017-06-03 12:10:04', '2017-05-14 21:37:11', 84, 0, 1, 1, '2017-06-03 12:23:15', '2017-06-03 12:23:15'),
(734, 'quia-expedita-voluptates-cupiditate-consequatur', 'Quia expedita voluptates cupiditate consequatur.', NULL, 'Deleniti voluptatem ullam dolorem minus. Velit ipsum nobis sed.', 'Eaque saepe tenetur et. Autem consequatur expedita reprehenderit. Nulla delectus totam corrupti qui. Ut impedit qui nam accusamus maiores et.\nDolore veritatis autem adipisci ea fuga nemo. Inventore harum fugiat qui aspernatur et modi iste. Aspernatur aut sapiente quisquam voluptatem eos exercitationem quisquam dolorem.\nEt temporibus eligendi architecto odio possimus non ut. Voluptas laudantium voluptas nihil. Voluptate aut nesciunt non expedita. Neque ipsam iure est ut.', '2017-05-11 16:16:00', '2017-06-01 00:16:43', '2017-05-07 22:34:28', 24, 0, 1, 0, '2017-06-03 12:23:15', '2017-06-03 12:23:15'),
(735, 'excepturi-consectetur-sed-nihil-quis-laudantium-consequatur-voluptatem-delectus', 'Excepturi consectetur sed nihil quis laudantium consequatur voluptatem delectus.', NULL, 'Ipsum eum non aut eligendi consequuntur. Explicabo cum illo et itaque expedita sed.', 'Qui commodi dolorem et. Excepturi voluptatibus et repudiandae praesentium officia. Libero consequatur fuga enim odio est eius ea consequatur. Quo maxime minus dignissimos voluptas aspernatur et.\nEx optio voluptas aliquam explicabo explicabo ut ut. Fugit et maiores adipisci excepturi itaque nihil. Non ut dolorem magnam tempora suscipit eos.', '2017-05-07 23:58:18', '2017-05-17 00:43:43', '2017-05-09 08:38:38', 37, 1, 1, 0, '2017-06-03 12:23:15', '2017-06-03 12:23:15'),
(736, 'eos-libero-accusantium-id-quia-nobis-optio', 'Eos libero accusantium id quia nobis optio.', NULL, 'Culpa voluptatem quod soluta totam. Nihil qui id dicta quo enim.', 'Id et praesentium quis omnis doloremque. Rerum tempora laboriosam adipisci. Eos neque vero et qui rerum dolorem voluptate sapiente. Accusantium id deleniti itaque maxime ut. Quis nesciunt in repellat in.\nDignissimos et quia quis perspiciatis commodi illum laborum. Unde accusamus nulla ut molestiae et ipsa est cupiditate. Quae aut libero suscipit dolor ipsa quasi. Suscipit ab mollitia molestias voluptas aut.\nQuae praesentium eligendi et harum molestiae. Sunt eius numquam molestias quis at.', '2017-06-01 12:58:43', '2017-05-24 17:36:32', '2017-05-25 15:10:50', 78, 0, 0, 0, '2017-06-03 12:23:15', '2017-06-03 12:23:15'),
(737, 'numquam-velit-numquam-aut-quos-aut-quibusdam', 'Numquam velit numquam aut quos aut quibusdam.', NULL, 'Vitae aut dolorum officia rerum fugiat. Et sunt ut ea est esse. Cum ut quis impedit in est.', 'Aut quas qui inventore ipsam. Deleniti facere soluta quasi et. Sit repellendus omnis quod. Magnam repellat beatae vel eveniet sequi.\nQui molestiae totam et occaecati autem. Cumque odio adipisci quia et et porro est. Sed voluptatibus corporis ut accusamus.\nNumquam rerum est qui molestiae possimus voluptate quos. Rerum consectetur est doloribus numquam placeat. Sit nobis laborum eos et. Earum quia maxime nulla commodi voluptate.', '2017-05-16 15:33:51', '2017-05-13 11:25:41', '2017-05-15 05:25:17', 13, 1, 1, 1, '2017-06-03 12:23:15', '2017-06-03 12:23:15'),
(738, 'totam-placeat-voluptate-et-sit-pariatur', 'Totam placeat voluptate et sit pariatur.', NULL, 'Pariatur blanditiis et corporis modi ea nihil. Neque est dolorem at modi.', 'Consequatur alias cum quis vel suscipit at voluptatem. Est adipisci perspiciatis quis eos possimus non dignissimos. Distinctio quisquam suscipit consectetur eveniet et.\nModi possimus voluptatem maxime consectetur alias. Neque quis occaecati voluptatum. Itaque aperiam et similique. Enim rerum ea voluptatem nemo nostrum.\nAut in et explicabo alias nostrum natus. Dolore molestiae modi et. Totam velit quia architecto architecto.', '2017-05-05 13:35:06', '2017-05-13 23:37:06', '2017-05-15 10:02:17', 18, 0, 0, 0, '2017-06-03 12:23:15', '2017-06-03 12:23:15'),
(739, 'dignissimos-reprehenderit-velit-ad-corporis-in-consequatur-facilis', 'Dignissimos reprehenderit velit ad corporis in consequatur facilis.', NULL, 'Maxime at eum corporis esse at dolorum quia et. Ut sed ut ipsum explicabo sunt.', 'Id doloremque aut non quod. Perferendis veritatis et voluptatum. Autem in consectetur et. Et rem impedit et aliquid qui veritatis.\nMolestiae quibusdam iure explicabo. Cupiditate et consequuntur quia est cupiditate. Est magnam perferendis quae animi cupiditate asperiores. Fugit et voluptatibus laborum facere sint ipsa.', '2017-05-30 15:00:33', '2017-05-12 03:49:31', '2017-05-18 23:33:44', 26, 0, 0, 1, '2017-06-03 12:23:15', '2017-06-03 12:23:15'),
(740, 'illo-est-excepturi-vel', 'Illo est excepturi vel.', NULL, 'Voluptas ut eius sint in est. Et nihil tenetur natus quasi non illo maxime.', 'Omnis repellendus aspernatur minima odio et. Voluptatem sed et aperiam. Repudiandae molestias recusandae est quidem.\nMinima ut esse beatae suscipit possimus. Natus aspernatur placeat aliquam voluptas rerum quisquam.\nTenetur nobis explicabo laboriosam impedit dolorem. Repudiandae quis rerum illum non optio magni. Est ut totam inventore provident reiciendis quis ut. Voluptas sint voluptas et rerum iure.', '2017-05-21 07:55:19', '2017-05-31 09:22:23', '2017-05-17 15:06:02', 43, 1, 0, 0, '2017-06-03 12:23:15', '2017-06-03 12:23:15'),
(741, 'et-possimus-vero-eum-impedit-nam-fugiat', 'Et possimus vero eum impedit nam fugiat.', NULL, 'Et id exercitationem rerum nihil eius et voluptas. Quidem natus modi non quis.', 'Molestiae earum corporis modi est quam aperiam. Ullam culpa qui nisi. Minus occaecati ex libero odio dolorem.\nQui ea hic illo quia. Sed ad voluptatem deserunt totam molestiae velit. Assumenda eum reprehenderit voluptate rerum accusantium dolor.\nMolestiae enim quam at quod. Earum natus voluptates est ut incidunt. Sed ab nobis facere suscipit et ex ut.\nVoluptatem sint aut omnis. Veritatis distinctio impedit qui ad maiores porro. Qui cupiditate quisquam qui. Velit nisi qui dicta possimus harum.', '2017-05-08 13:21:13', '2017-05-25 20:36:22', '2017-05-21 01:47:49', 15, 1, 0, 0, '2017-06-03 12:23:15', '2017-06-03 12:23:15'),
(742, 'cumque-quia-voluptates-esse-molestias-facilis-veniam', 'Cumque quia voluptates esse molestias facilis veniam.', NULL, 'Nostrum eveniet eum recusandae impedit et delectus. Culpa tempore officiis optio mollitia.', 'Id quia officiis et. Totam nemo dolores ducimus est. Provident accusantium voluptatem voluptatem asperiores.\nEt quos officiis qui consectetur similique voluptas. Et repellat quia possimus nam et fugiat. Molestias impedit cupiditate qui iusto qui nemo ut. Ullam dignissimos aliquid quia quisquam molestias laudantium quos.\nOccaecati numquam sit tempora libero aspernatur. Voluptatem ducimus doloremque perspiciatis sit labore sint quam. Accusantium quidem ipsam error laborum autem adipisci dolore.', '2017-05-10 03:33:50', '2017-05-07 20:08:23', '2017-05-19 12:45:42', 79, 0, 0, 1, '2017-06-03 12:23:15', '2017-06-03 12:23:15'),
(743, 'dolorem-et-suscipit-quia-soluta-rerum-expedita-illum', 'Dolorem et suscipit quia soluta rerum expedita illum.', NULL, 'Consequatur at et atque ad. Nam enim tempora voluptatem. Modi porro non possimus nesciunt.', 'Harum quos ullam fugiat praesentium sit dolorum placeat. Qui exercitationem et quo est aut. Assumenda omnis commodi aut. Explicabo et quisquam et ea dolorum dolores.\nQuas omnis voluptas accusamus illum ex. Itaque eius aut eligendi ea iusto dignissimos. Cum illum totam omnis aut.\nPossimus repellendus quidem iusto error. Quasi quaerat perferendis at hic ad non animi iusto. Dolor eaque sunt minima ut harum aut dolores. Impedit voluptas quos odit corrupti in et et.', '2017-05-05 02:00:07', '2017-05-24 02:58:44', '2017-05-25 20:50:31', 58, 0, 1, 0, '2017-06-03 12:23:15', '2017-06-03 12:23:15'),
(744, 'placeat-mollitia-commodi-sint-et-quia-adipisci', 'Placeat mollitia commodi sint et quia adipisci.', NULL, 'Qui consequuntur ea voluptas velit est fugiat officia. Sed in fugit eum nulla quis.', 'Ab laborum ad ut et itaque nulla. Doloribus facilis dolor fuga ullam quia inventore. Eum nesciunt aperiam placeat.\nOmnis ut aut velit. Est ut iste nostrum temporibus est at. Quas voluptas distinctio nihil nulla. Commodi quia nam accusantium.\nNihil eius numquam totam doloremque est qui maxime. Illum vel eos earum consequatur vero. Ut molestiae quo vitae et. Voluptate fugit soluta dolore sit numquam.', '2017-05-22 04:47:08', '2017-05-12 08:46:14', '2017-05-12 17:39:03', 57, 0, 0, 1, '2017-06-03 12:23:15', '2017-06-03 12:23:15'),
(745, 'inventore-qui-non-modi', 'Inventore qui non modi.', NULL, 'Est veniam nihil voluptas. Porro qui pariatur architecto.', 'Dolor dolores illum ab nihil beatae eveniet. Ex enim dolores dolor voluptatibus quisquam quas maxime vitae. Sapiente sequi nihil qui aut non enim voluptas.\nQuam officiis magni et nam maiores quos iste. Voluptate vero fugit at ea itaque enim error. Fuga sapiente alias vero voluptatem quas asperiores excepturi.', '2017-05-29 09:42:31', '2017-05-06 00:05:46', '2017-05-29 14:06:31', 44, 1, 1, 0, '2017-06-03 12:23:15', '2017-06-03 12:23:15'),
(746, 'sunt-et-minus-soluta-eveniet', 'Sunt et minus soluta eveniet.', NULL, 'Repellendus aut quo rerum blanditiis ea dolor nam. A minima sint nihil.', 'Et sunt vero recusandae omnis voluptas veritatis delectus. Aperiam et consectetur voluptatem omnis eligendi. Magni assumenda sint esse. Libero voluptatibus debitis et odit optio.\nSoluta ut commodi est odit dolores dolorem molestiae. Iure nihil sit id consectetur assumenda eaque. Iusto non dolores vitae. Omnis inventore id cumque. Et et ab non maiores non qui illo in.\nIpsum quis deleniti sed quibusdam ab nisi. Minus odio autem odio illum. Explicabo non facere eligendi.', '2017-06-02 21:29:00', '2017-05-31 20:05:10', '2017-05-12 11:03:19', 62, 1, 0, 0, '2017-06-03 12:23:15', '2017-06-03 12:23:15'),
(747, 'omnis-at-consequatur-in-dolores-magni-quo-velit', 'Omnis at consequatur in dolores magni quo velit.', NULL, 'Consectetur voluptas et asperiores magnam culpa. Quia in pariatur aut sint tempore.', 'Laudantium totam et iure et commodi nihil dolor. Repudiandae non libero vel placeat quaerat. Deleniti sunt dolore soluta sint consequatur animi quidem.\nMaiores ad voluptatem voluptatem officiis dicta nisi quam. Est sed amet sed animi et. Dicta ab sunt hic et. Vero inventore illum est tenetur blanditiis.\nDistinctio dignissimos occaecati molestiae labore cum voluptas. Est eveniet ut earum sint est. Sint temporibus nesciunt beatae labore.', '2017-05-13 18:24:34', '2017-05-08 02:34:42', '2017-05-27 04:30:32', 55, 1, 0, 0, '2017-06-03 12:23:15', '2017-06-03 12:23:15'),
(748, 'voluptatem-fuga-eos-incidunt-repellat-rem-omnis', 'Voluptatem fuga eos incidunt repellat rem omnis.', NULL, 'Repellat neque sint consequatur quaerat commodi nihil explicabo. Ut dolore nostrum et.', 'Nihil inventore ullam ab porro id distinctio eius. Nesciunt quia quasi rerum rerum sunt nam quis. Rerum inventore quos itaque aut.\nIpsum et aperiam enim et inventore omnis sunt. Doloribus recusandae vero voluptate consequatur eius assumenda perferendis. Modi error vero eaque ipsa repudiandae in vel debitis.\nDolore ea corporis sunt nulla quibusdam et. Est incidunt perspiciatis cupiditate vero. Tempora et ipsa autem amet modi quia doloribus.', '2017-05-16 10:59:52', '2017-05-07 19:18:35', '2017-06-02 03:06:10', 87, 1, 1, 0, '2017-06-03 12:23:15', '2017-06-03 12:23:15'),
(749, 'enim-et-doloribus-ut-maiores', 'Enim et doloribus ut maiores.', NULL, 'Quae molestias harum quae ab dicta. Commodi ea sit est occaecati corrupti atque non.', 'Quo consequuntur ratione ipsa placeat laboriosam. Impedit qui est dolorum laborum et tenetur quos maiores. Sed sint qui quia ea illo laboriosam odio. Provident molestiae aut et quo nulla accusantium maxime. Distinctio dolores dolores est voluptatem.\nNatus sunt accusantium consequatur voluptas aliquam ea labore. Tempora a incidunt inventore vel amet voluptates perspiciatis. Laboriosam repellat reprehenderit reiciendis voluptatem dolor debitis aspernatur. Qui maxime itaque voluptatum.', '2017-05-16 12:06:46', '2017-05-09 07:07:47', '2017-05-08 06:28:36', 51, 0, 0, 0, '2017-06-03 12:23:15', '2017-06-03 12:23:15'),
(750, 'quaerat-aspernatur-et-totam-commodi', 'Quaerat aspernatur et totam commodi.', NULL, 'Vel temporibus rerum occaecati praesentium. Aut ut ut cum est. Animi aperiam nemo distinctio ut.', 'Itaque aperiam aperiam tempora et dicta repudiandae. Ea non illo quia voluptate. Modi eos unde et pariatur.\nAperiam impedit est voluptatem nisi est. Dolorem natus dolorem architecto et. Velit sint voluptas qui doloribus vel reprehenderit commodi. Necessitatibus eius sunt eius voluptate deserunt maiores.\nAnimi vero est aut voluptatem consequatur. Illo tempore aspernatur suscipit explicabo minus omnis similique. Et ab voluptate sit.', '2017-05-09 15:30:46', '2017-06-02 22:51:45', '2017-05-20 07:39:46', 28, 0, 1, 0, '2017-06-03 12:23:15', '2017-06-03 12:23:15'),
(751, 'reiciendis-distinctio-nihil-voluptatem', 'Reiciendis distinctio nihil voluptatem.', NULL, 'Sint quia ut veniam. Sequi ea qui ea ea et. Ut aut suscipit qui explicabo dolorem.', 'Ducimus hic ad autem qui tempora assumenda magni. Dolorem dolor eveniet quas nihil deserunt itaque et. Consequatur animi iste cupiditate occaecati ea.\nIpsam eos error ex fugit sapiente sunt voluptatibus. Natus sit culpa hic quis. Fugit omnis est explicabo ut accusantium. Est assumenda consequatur quaerat nulla debitis voluptas.\nVoluptate soluta velit rerum optio perferendis. Aliquam voluptates eaque consequatur.', '2017-05-04 08:12:07', '2017-05-09 10:54:25', '2017-05-24 07:59:11', 48, 0, 1, 0, '2017-06-03 12:23:15', '2017-06-03 12:23:15'),
(752, 'nisi-ipsum-pariatur-quis-et', 'Nisi ipsum pariatur quis et.', NULL, 'Sit quas velit incidunt alias. Corrupti odio deserunt reiciendis quia tempore sunt.', 'Odio est nihil sed omnis aut incidunt beatae. Voluptatum vitae quo ut maxime. Temporibus dolorum et corporis. Aut corrupti ducimus quasi omnis qui dignissimos fuga.\nA nostrum ipsum voluptatem et. Magni a esse deserunt voluptatibus doloribus. Veniam eum velit reiciendis vitae.\nRepellat vel nostrum error rerum quam. Necessitatibus vero quasi asperiores numquam facilis voluptate reprehenderit. Et animi laborum error vel voluptas temporibus consequuntur.', '2017-05-28 17:40:55', '2017-05-11 17:01:07', '2017-06-03 05:02:28', 41, 0, 0, 1, '2017-06-03 12:23:15', '2017-06-03 12:23:15'),
(753, 'repudiandae-velit-facilis-vel-non-voluptatem-sed', 'Repudiandae velit facilis vel non voluptatem sed.', NULL, 'Perspiciatis laborum at illo natus. Aut soluta sapiente fugit qui voluptas natus.', 'Perferendis enim non voluptatem praesentium optio aliquam. Esse ratione ratione qui incidunt. Inventore eos qui nihil ad sed quibusdam autem.\nCorrupti ut labore nulla sint aut deserunt ullam ducimus. Deserunt ut doloremque vel quasi architecto eius. Quae doloribus expedita ratione nesciunt tempora ut.\nOfficia et est pariatur commodi commodi ipsa. Numquam distinctio velit itaque non harum quidem impedit earum. Et illum qui rem nesciunt aut. Quia eos molestias saepe tempora modi tempore earum.', '2017-05-18 19:12:41', '2017-05-16 16:23:50', '2017-05-24 18:44:13', 27, 1, 0, 0, '2017-06-03 12:23:15', '2017-06-03 12:23:15'),
(754, 'et-expedita-maxime-quisquam-exercitationem', 'Et expedita maxime quisquam exercitationem.', NULL, 'Labore eum et omnis esse. Itaque eum dolor consequatur nemo odio culpa.', 'Reprehenderit facilis facere quo. At corrupti delectus occaecati dolor. Nobis aspernatur hic aspernatur distinctio porro sapiente. Qui et sed sed et sed.\nDolorem dolorem omnis praesentium consequatur corrupti assumenda. Esse dolorum ad qui autem ut at qui.\nOptio qui iure ullam provident dolores iste. Est distinctio aut omnis sunt molestiae et placeat. Est ipsum cum quaerat quasi alias tenetur non. Earum et rem sunt explicabo porro voluptate culpa.', '2017-06-03 03:03:27', '2017-05-07 09:19:00', '2017-05-06 18:41:16', 75, 0, 1, 1, '2017-06-03 12:23:15', '2017-06-03 12:23:15'),
(755, 'odit-temporibus-rerum-beatae-rerum-illum-ut', 'Odit temporibus rerum beatae rerum illum ut.', NULL, 'Et laboriosam praesentium enim. Laborum quia quia reprehenderit.', 'Ut labore culpa autem aspernatur voluptas ipsam. Recusandae non ea architecto aut labore fugiat magnam. Fuga eius rem et aut qui neque tenetur. Dolor consequuntur possimus voluptatibus distinctio harum laudantium.\nPerferendis ducimus omnis molestias et dolore. Laudantium iure illo eveniet ipsam. Aut sequi placeat aut sunt qui quia.\nVoluptate explicabo aut rerum impedit ut et ut. Fugit voluptatibus facilis laborum soluta exercitationem ipsam.', '2017-05-09 16:34:43', '2017-05-30 10:55:47', '2017-05-11 09:57:57', 77, 0, 1, 1, '2017-06-03 12:23:15', '2017-06-03 12:23:15'),
(756, 'officiis-minima-velit-facere-deserunt-voluptatibus-nostrum-consectetur', 'Officiis minima velit facere deserunt voluptatibus nostrum consectetur.', NULL, 'Beatae ducimus hic quia. Ut labore aspernatur voluptatem qui. Voluptas eos aliquam culpa molestiae.', 'Est itaque quaerat quia qui voluptatem. Possimus aut ad aut corporis laudantium animi. Id sed praesentium rem eaque.\nAccusantium ut soluta natus id. Ducimus similique consequuntur explicabo nesciunt minus ut dolores suscipit. Harum minima quia optio voluptas perspiciatis.\nUllam reprehenderit eligendi dolorem voluptas veniam veritatis. Quidem vitae itaque aliquid ut reiciendis eius accusamus. Mollitia et iste et occaecati aliquam. Dignissimos nihil velit magnam praesentium consequatur.', '2017-05-25 03:58:41', '2017-05-26 20:04:18', '2017-05-07 04:22:22', 86, 1, 1, 0, '2017-06-03 12:23:16', '2017-06-03 12:23:16'),
(757, 'id-delectus-eos-dolore-id-cupiditate-nesciunt-non', 'Id delectus eos dolore id cupiditate nesciunt non.', NULL, 'Ea ratione officia ratione itaque fugit aut non. Voluptas possimus ut ad qui.', 'Soluta et vel incidunt magni. Dolor quia ipsum quaerat illum aut. Assumenda numquam mollitia ut dicta aut vel molestiae. Repudiandae quia quis soluta ut nam omnis.\nMinus nisi cumque nesciunt ea ut vero accusantium pariatur. Vel voluptate similique blanditiis reiciendis suscipit dolorem. Id officia sunt officiis incidunt vel. Quia occaecati maxime distinctio totam.', '2017-05-21 00:48:43', '2017-05-27 15:26:30', '2017-05-17 01:16:26', 82, 0, 1, 1, '2017-06-03 12:23:16', '2017-06-03 12:23:16'),
(758, 'dignissimos-in-voluptatem-consequatur-quo-quo-tenetur-eligendi', 'Dignissimos in voluptatem consequatur quo quo tenetur eligendi.', NULL, 'Similique quam qui quos autem. Vero quod aut magnam fuga totam.', 'Quae quas error et ut ea occaecati necessitatibus sunt. Voluptas qui et quae tempora qui qui et. Dolore corrupti quisquam dolores. Error aut eveniet quasi alias ut reprehenderit vitae.\nLaudantium rerum nemo officia magni voluptatem. Excepturi quia aliquam et optio. Ut quis ut qui nobis.\nFugiat cumque est qui. Repellat iste qui aliquam enim aspernatur velit minima. Fugiat vel exercitationem sint et cum enim commodi. Fugiat quas velit adipisci sit ut et necessitatibus enim.', '2017-05-30 16:42:01', '2017-05-13 16:19:55', '2017-05-30 08:28:46', 94, 0, 1, 0, '2017-06-03 12:23:16', '2017-06-03 12:23:16'),
(759, 'sint-voluptatibus-et-molestias-ipsam-perspiciatis-ea', 'Sint voluptatibus et molestias ipsam perspiciatis ea.', NULL, 'Nesciunt dolores doloribus sequi nam facere. Animi maxime sunt labore tempore est.', 'Asperiores molestiae dolorem reprehenderit voluptatem nisi numquam repellat. Ut molestiae molestiae tempore sunt. Quis quod assumenda maxime aut harum.\nDucimus sunt odio consectetur. Vel est esse eum accusamus odit omnis asperiores quia. Reiciendis officiis laudantium amet iste alias accusamus.\nInventore libero animi expedita voluptas veritatis. Eos quo dolorem cum velit veniam voluptates tenetur.', '2017-05-07 13:00:53', '2017-05-17 14:43:32', '2017-06-01 16:17:53', 19, 1, 1, 0, '2017-06-03 12:23:16', '2017-06-03 12:23:16'),
(760, 'omnis-eligendi-magnam-asperiores-sit', 'Omnis eligendi magnam asperiores sit.', NULL, 'Quia in non suscipit nihil. Accusamus corrupti aut error velit aut. Qui non et illo sunt.', 'Nisi unde et libero voluptates nulla sit enim alias. Mollitia nihil et et unde. Eius ea et iure autem aut. Ratione dicta aspernatur aut fugiat porro est.\nRerum quisquam laboriosam omnis quibusdam. Qui in molestiae voluptatibus ex maiores odio nam. Cum quas assumenda autem.\nEx quidem in assumenda et sunt debitis aut. Quia consequuntur incidunt rem. Nam et tempora at molestiae dolor deserunt. Perferendis voluptatem quis et.', '2017-05-14 08:34:50', '2017-05-11 06:30:19', '2017-05-30 18:58:24', 70, 1, 0, 0, '2017-06-03 12:23:16', '2017-06-03 12:23:16'),
(761, 'velit-vel-qui-nihil-velit-et', 'Velit vel qui nihil velit et.', NULL, 'Possimus est nam est aliquam. Dolor ratione quae unde voluptas. Ea et aut doloremque dolor eum.', 'Vero mollitia qui deserunt quasi sint aut. Et officia occaecati nam quaerat dolor. Excepturi expedita praesentium sapiente labore excepturi libero. Autem explicabo sed laboriosam sit omnis commodi.\nQuaerat tempora voluptas dolor ea culpa. Eum ea consequatur sapiente omnis. Debitis quos nostrum qui esse labore in asperiores.\nExcepturi dolores dolorum soluta et debitis molestiae porro. Aut qui dignissimos voluptatem sit accusamus.', '2017-05-10 17:34:10', '2017-05-19 17:20:49', '2017-05-13 13:24:07', 63, 0, 1, 1, '2017-06-03 12:23:16', '2017-06-03 12:23:16'),
(762, 'quis-quia-architecto-ipsa-similique-quos', 'Quis quia architecto ipsa similique quos.', NULL, 'Itaque velit non est aperiam. Et ab nobis sunt voluptatem. Et nesciunt voluptas nostrum.', 'Pariatur error sit ut ex iusto temporibus. Sed corrupti dignissimos harum et temporibus id expedita fuga. Non eos optio tempore omnis veritatis. Ullam libero quaerat dolores.\nAut blanditiis quae nostrum animi ea. Aut quia eius illum molestiae sed. Aut nisi sint rem quia similique est.\nRepudiandae vitae similique magnam repellendus ad necessitatibus quis. Quis nulla ut atque nostrum ad. Non perferendis autem sunt deleniti.', '2017-05-18 10:43:03', '2017-05-04 22:09:03', '2017-05-18 01:19:52', 64, 0, 0, 1, '2017-06-03 12:23:16', '2017-06-03 12:23:16'),
(763, 'mollitia-harum-nemo-optio-id', 'Mollitia harum nemo optio id.', NULL, 'Dolores minus aut omnis tempora neque placeat maxime. Incidunt non similique consectetur.', 'Ut non repudiandae ut incidunt praesentium totam ut. Reprehenderit et odit alias voluptatem ratione debitis. Et laborum rerum et ad dolore consectetur animi. Ad ut facere facere dolores debitis voluptas et.\nLaboriosam minima ipsum inventore. Atque culpa ullam et aut nihil nulla ea. Necessitatibus totam soluta fugit quia eaque doloribus vel.\nQuaerat reiciendis est quas quaerat rem. Autem perferendis fugiat libero aut. Est consectetur dolorem at id odio.', '2017-05-06 05:34:13', '2017-05-06 14:59:36', '2017-05-28 09:35:23', 22, 0, 1, 1, '2017-06-03 12:23:16', '2017-06-03 12:23:16'),
(764, 'qui-dignissimos-non-earum-nulla-consequatur-ab-suscipit-sapiente', 'Qui dignissimos non earum nulla consequatur ab suscipit sapiente.', NULL, 'Atque consequatur quam quia eos ut ullam. Cumque quod accusantium ipsum sit.', 'Odit et voluptatum repellendus veritatis quaerat quae vel sed. Et sequi eligendi provident dignissimos. Omnis non adipisci animi eum.\nVeniam consequuntur distinctio non dolores debitis suscipit dolore. Qui numquam esse molestias sit earum deleniti. Velit aspernatur voluptatum esse cumque. Et temporibus molestiae aliquid accusamus autem est quibusdam amet. Dolorem ut molestias necessitatibus voluptatibus.', '2017-05-26 12:02:53', '2017-05-30 08:06:50', '2017-05-09 04:21:08', 42, 0, 1, 0, '2017-06-03 12:23:16', '2017-06-03 12:23:16'),
(765, 'provident-assumenda-quas-dolores-quam-nobis-et-aut', 'Provident assumenda quas dolores quam nobis et aut.', NULL, 'Necessitatibus similique nostrum velit qui nihil ut. Ad molestias eos eum non eos a.', 'Modi deleniti distinctio aperiam adipisci deleniti maxime officia. Officiis excepturi neque cumque aspernatur et voluptatem deserunt. Nisi eum minus debitis dolorem.\nAliquam ducimus quis eum. Dolores tenetur dolorum aut eum molestiae sunt. Facilis tempore laborum reiciendis ea omnis et.\nIllo quis labore illo doloribus. Quis praesentium nihil hic. Iste voluptatum et cum qui excepturi. Non vel debitis ad alias.', '2017-05-27 05:47:05', '2017-05-15 11:39:55', '2017-05-14 03:59:27', 34, 1, 0, 1, '2017-06-03 12:23:16', '2017-06-03 12:23:16'),
(766, 'voluptatem-consequuntur-incidunt-quam-quia-aut', 'Voluptatem consequuntur incidunt quam quia aut.', NULL, 'Ut tempore tenetur et autem quod ut. Animi officia et est iusto sint.', 'Voluptas quam eos fugiat et voluptas. Nemo fugiat omnis reiciendis rerum. Nihil est nostrum excepturi et ullam. Numquam excepturi aliquam sunt.\nDolorem itaque fugit dolor ipsa. Autem nesciunt dolor eos consectetur est et at. Autem voluptatum aut optio.\nFugiat enim labore assumenda possimus. Doloremque est id magnam. Eum placeat facere corporis quibusdam nihil eligendi. Dolor id laborum minus quod culpa.', '2017-05-11 16:04:05', '2017-05-16 21:59:55', '2017-05-04 03:38:41', 100, 0, 0, 1, '2017-06-03 12:23:16', '2017-06-03 12:23:16'),
(767, 'dolorum-qui-dolor-nam-pariatur-blanditiis', 'Dolorum qui dolor nam pariatur blanditiis.', NULL, 'A et animi delectus repudiandae cupiditate enim odio. Qui sint tempora officiis eos quas.', 'Provident culpa sit et sed iste atque vel. Accusantium labore veritatis voluptate occaecati aut. Est non perferendis soluta sequi. Aut mollitia deserunt nihil impedit harum.\nFugit inventore debitis esse eum enim nesciunt placeat. Dolorem eligendi cum harum. Dicta porro beatae sed tenetur voluptas vitae autem. Quis et numquam deserunt minus.\nRerum provident nisi iure tempore repellendus. Ex illo autem voluptatem voluptate sint sit quidem. Magnam sit corrupti accusantium.', '2017-05-27 12:57:14', '2017-05-09 04:12:25', '2017-05-10 11:36:01', 52, 0, 0, 0, '2017-06-03 12:23:16', '2017-06-03 12:23:16'),
(768, 'harum-repellendus-beatae-adipisci-qui-dicta', 'Harum repellendus beatae adipisci qui dicta.', NULL, 'Sint tempora sit aut iste ab. Corporis repudiandae qui et. Corporis enim tempore reprehenderit ea.', 'Veniam quia ut voluptatem sint voluptate perferendis. Aut aspernatur error est fuga cumque rerum unde. Voluptatum laboriosam consequatur et voluptatem eum et. Delectus at voluptas veniam adipisci repudiandae molestiae.\nTempore aspernatur expedita minus corrupti. Iure non est autem dolorem iusto corporis. Sit non temporibus non et.\nAsperiores dignissimos saepe beatae ut. Rem explicabo optio veniam et. Molestiae eaque et ut eaque.', '2017-05-22 09:25:05', '2017-05-25 23:34:08', '2017-05-16 05:34:19', 1, 1, 0, 0, '2017-06-03 12:23:16', '2017-06-03 12:23:16'),
(769, 'illum-quae-voluptate-eum-ullam-recusandae-eius-ducimus', 'Illum quae voluptate eum ullam recusandae eius ducimus.', NULL, 'Et et voluptatibus ducimus mollitia doloribus. Dolor tempore numquam mollitia cum aut nobis.', 'Sit animi itaque sunt aliquam. Pariatur ut neque commodi deserunt voluptate voluptas quas ducimus. Voluptatibus omnis dolores quod perspiciatis doloremque. Perspiciatis eaque quasi hic ut officiis facilis expedita dicta.\nConsequatur libero laborum maxime libero. Repudiandae assumenda sit similique tempore totam eum. Consequatur quas voluptas distinctio.\nAut ut modi nisi. Quia et incidunt totam enim dolores voluptas quisquam. Quia deleniti soluta sed. Est dolor eum adipisci est.', '2017-05-30 03:12:40', '2017-05-09 06:51:34', '2017-05-05 12:33:34', 73, 0, 1, 1, '2017-06-03 12:23:16', '2017-06-03 12:23:16'),
(770, 'veritatis-rerum-voluptatem-est-delectus-aut', 'Veritatis rerum voluptatem est delectus aut.', NULL, 'Assumenda eos ut architecto est. Eius qui aut optio sit ut nisi.', 'Deleniti non quia qui dicta. Vel accusantium aliquam dignissimos sapiente. Tempore velit quis qui aut saepe.\nEum minus porro perspiciatis aut itaque dolorem soluta. Mollitia consequatur eum labore rerum consectetur. Labore reiciendis nemo laboriosam sunt.\nLaudantium aut laudantium velit optio vel enim dolores. Sapiente dolor ipsam quia numquam nostrum tempora velit. Libero id eum sed excepturi eum est voluptatum.', '2017-05-13 23:17:58', '2017-05-15 15:40:44', '2017-05-15 11:15:28', 69, 0, 0, 0, '2017-06-03 12:23:16', '2017-06-03 12:23:16'),
(771, 'donec-sollicitudin-molestie-malesuada-curabitur-arcu', 'Donec sollicitudin molestie malesuada. Curabitur arcu', '1496513132_5998133376_a39a4aaa2b_o.jpg', 'Donec sollicitudin molestie malesuada. Curabitur arcu erat, accumsan id imperdiet et, porttitor at sem. Cras ultricies ligula sed magna dictum porta. Nulla quis lorem ut libero malesuada feugiat. Curabitur aliquet quam id dui posuere blandit. Vestibulum ante ipsum primis in faucibus orci luctus et ultrices posuere cubilia Curae; Donec velit neque, auctor sit amet aliquam vel, ullamcorper sit amet ligula. Quisque velit nisi, pretium ut lacinia in, elementum id enim. Praesent sapien massa, convallis a pellentesque nec, egestas non nisi. Vestibulum ante ipsum primis in faucibus orci luctus et ultrices posuere cubilia Curae; Donec velit neque, auctor sit amet aliquam vel, ullamcorper sit amet ligula. Mauris blandit aliquet elit, eget tincidunt nibh pulvinar a.', '<p>Donec sollicitudin molestie malesuada. Curabitur arcu erat, accumsan id imperdiet et, porttitor at sem. Cras ultricies ligula sed magna dictum porta. Nulla quis lorem ut libero malesuada feugiat. Curabitur aliquet quam id dui posuere blandit. Vestibulum ante ipsum primis in faucibus orci luctus et ultrices posuere cubilia Curae; Donec velit neque, auctor sit amet aliquam vel, ullamcorper sit amet ligula. Quisque velit nisi, pretium ut lacinia in, elementum id enim. Praesent sapien massa, convallis a pellentesque nec, egestas non nisi. Vestibulum ante ipsum primis in faucibus orci luctus et ultrices posuere cubilia Curae; Donec velit neque, auctor sit amet aliquam vel, ullamcorper sit amet ligula. Mauris blandit aliquet elit, eget tincidunt nibh pulvinar a.</p>', '2017-03-06 18:05:32', NULL, '2017-03-06 18:05:32', 1, 1, 1, 1, '2017-06-03 12:35:32', '2017-06-03 12:35:32');

-- --------------------------------------------------------

--
-- Table structure for table `roles`
--

CREATE TABLE `roles` (
  `id` int(10) UNSIGNED NOT NULL,
  `name` varchar(191) COLLATE utf8mb4_unicode_ci NOT NULL,
  `status` tinyint(1) NOT NULL DEFAULT '1',
  `created_at` timestamp NULL DEFAULT NULL,
  `updated_at` timestamp NULL DEFAULT NULL
) ENGINE=InnoDB DEFAULT CHARSET=utf8mb4 COLLATE=utf8mb4_unicode_ci;

--
-- Dumping data for table `roles`
--

INSERT INTO `roles` (`id`, `name`, `status`, `created_at`, `updated_at`) VALUES
(1, 'Super Admin', 1, '2017-05-23 15:39:12', '2017-05-23 15:39:12'),
(2, 'Customer', 1, '2017-05-23 15:39:12', '2017-05-23 15:39:12');

-- --------------------------------------------------------

--
-- Table structure for table `users`
--

CREATE TABLE `users` (
  `id` int(10) UNSIGNED NOT NULL,
  `role_id` int(10) UNSIGNED NOT NULL,
  `name` varchar(191) COLLATE utf8mb4_unicode_ci NOT NULL,
  `email` varchar(191) COLLATE utf8mb4_unicode_ci NOT NULL,
  `password` varchar(191) COLLATE utf8mb4_unicode_ci NOT NULL,
  `status` tinyint(1) NOT NULL DEFAULT '0',
  `remember_token` varchar(100) COLLATE utf8mb4_unicode_ci DEFAULT NULL,
  `created_at` timestamp NULL DEFAULT NULL,
  `updated_at` timestamp NULL DEFAULT NULL
) ENGINE=InnoDB DEFAULT CHARSET=utf8mb4 COLLATE=utf8mb4_unicode_ci;

--
-- Dumping data for table `users`
--

INSERT INTO `users` (`id`, `role_id`, `name`, `email`, `password`, `status`, `remember_token`, `created_at`, `updated_at`) VALUES
(1, 1, 'Super Admin', 'paul@gmail.com', '$2y$10$Fy9X7CtjNfBzGQ04sTMeJ.ZfhOF.KRriOzylCzQFWDkmFUJmbeV/i', 1, 'NiT1HHL3QXSRDaotvIrARZwaEznpsCSgdB27nbnknbNhQX0PsjZN9QdHy0RJ', '2017-05-23 15:39:12', '2017-05-23 15:39:12');

-- --------------------------------------------------------

--
-- Table structure for table `user_metas`
--

CREATE TABLE `user_metas` (
  `id` int(10) UNSIGNED NOT NULL,
  `user_id` int(10) UNSIGNED NOT NULL,
  `user_key` varchar(191) COLLATE utf8mb4_unicode_ci NOT NULL,
  `value` varchar(191) COLLATE utf8mb4_unicode_ci DEFAULT NULL,
  `created_at` timestamp NULL DEFAULT NULL,
  `updated_at` timestamp NULL DEFAULT NULL
) ENGINE=InnoDB DEFAULT CHARSET=utf8mb4 COLLATE=utf8mb4_unicode_ci;

-- --------------------------------------------------------

--
-- Table structure for table `videos`
--

CREATE TABLE `videos` (
  `id` int(10) UNSIGNED NOT NULL,
  `slug` varchar(255) COLLATE utf8mb4_unicode_ci DEFAULT NULL,
  `title` varchar(255) COLLATE utf8mb4_unicode_ci NOT NULL,
  `url` text COLLATE utf8mb4_unicode_ci,
  `thumbnail_image` text COLLATE utf8mb4_unicode_ci,
  `small_image` text COLLATE utf8mb4_unicode_ci,
  `large_image` text COLLATE utf8mb4_unicode_ci,
  `short_description` text COLLATE utf8mb4_unicode_ci NOT NULL,
  `description` text COLLATE utf8mb4_unicode_ci,
  `start_date` datetime DEFAULT NULL COMMENT 'video start showing date.',
  `end_date` datetime DEFAULT NULL COMMENT 'video end showing date.',
  `event_date` datetime DEFAULT NULL,
  `display_order` int(11) DEFAULT '0',
  `status` tinyint(1) NOT NULL DEFAULT '0',
  `created_at` timestamp NULL DEFAULT NULL,
  `updated_at` timestamp NULL DEFAULT NULL
) ENGINE=InnoDB DEFAULT CHARSET=utf8mb4 COLLATE=utf8mb4_unicode_ci;

--
-- Dumping data for table `videos`
--

INSERT INTO `videos` (`id`, `slug`, `title`, `url`, `thumbnail_image`, `small_image`, `large_image`, `short_description`, `description`, `start_date`, `end_date`, `event_date`, `display_order`, `status`, `created_at`, `updated_at`) VALUES
(1, 'quam-non-perferendis-velit-dicta-rerum-qui', 'Quam non perferendis velit dicta rerum qui.', 'https://www.youtube.com/embed/c5UogID-9vQ', 'https://img.youtube.com/vi/c5UogID-9vQ/1.jpg', 'https://img.youtube.com/vi/c5UogID-9vQ/0.jpg', 'https://img.youtube.com/vi/c5UogID-9vQ/0.jpg', 'Quis incidunt voluptatem corporis iste iste. Quo repudiandae provident quia ratione.', '<p>Nulla nihil est esse commodi. Sed expedita illum soluta voluptatem eos. Adipisci dolores placeat ipsam sunt tempora qui. Repudiandae delectus sint ut deleniti. Eligendi a commodi consequatur dolore eveniet. Est at repellat nesciunt quia. Nesciunt unde doloribus laboriosam et magnam dolorem veniam. Reiciendis inventore optio ut ut earum.</p>', '2017-05-14 00:00:00', '2017-05-18 00:00:00', '2017-05-14 00:00:00', 5, 1, '2017-05-26 16:25:52', '2017-05-27 16:33:26'),
(3, 'vel-molestias-et-ea-et', 'Vel molestias et ea et.', 'https://www.youtube.com/embed/oZPLN3hZMus', 'https://img.youtube.com/vi/oZPLN3hZMus/1.jpg', 'https://img.youtube.com/vi/oZPLN3hZMus/0.jpg', 'https://img.youtube.com/vi/oZPLN3hZMus/0.jpg', 'Quo quos consequatur qui. Facilis fugiat dicta molestiae aut cupiditate veritatis.', '<p>Praesentium minus accusantium id voluptatum quae. Provident omnis est placeat esse. Sequi commodi quis corporis ex voluptatem et pariatur. Aut nobis nobis occaecati aperiam perferendis unde ut. Quia eos magnam exercitationem officiis. Est occaecati voluptatem non ipsam laborum. Dolor ut excepturi quisquam blanditiis distinctio aut cumque. Veniam ut fuga sint eius. Explicabo officiis qui repudiandae libero aliquid sit ea.</p>', '2017-05-08 00:00:00', '2017-05-03 00:00:00', '2017-05-08 00:00:00', 55, 0, '2017-05-26 16:25:52', '2017-05-27 16:33:22'),
(4, 'qui-neque-fuga-omnis-nam-deleniti-exercitationem-sunt', 'Qui neque fuga omnis nam deleniti exercitationem sunt.', 'https://www.youtube.com/embed/2tIulahZbvo', 'https://img.youtube.com/vi/2tIulahZbvo/1.jpg', 'https://img.youtube.com/vi/2tIulahZbvo/0.jpg', 'https://img.youtube.com/vi/2tIulahZbvo/0.jpg', 'Iusto magnam temporibus aliquid. Aperiam sapiente quia sit est. Ipsam eius minus dolor.', '<p>Enim labore officiis sed ullam adipisci eos nam. Quia suscipit eos distinctio est et est. Temporibus sit ad ratione ex. Atque repellendus quia perspiciatis laboriosam fugiat ut et. Libero odio velit sit quaerat optio magnam magnam. Soluta sunt illum ipsam incidunt culpa tempore perferendis. Corrupti autem voluptatem incidunt ut itaque rerum quasi. Quibusdam commodi quia aut inventore maxime et. Et cum magnam quia.</p>', '2017-05-20 00:00:00', '2017-05-09 00:00:00', '2017-05-20 00:00:00', 31, 1, '2017-05-26 16:25:52', '2017-05-27 16:33:19'),
(5, 'ipsa-voluptatem-quibusdam-voluptatem-illo-expedita-placeat-magnam', 'Ipsa voluptatem quibusdam voluptatem illo expedita placeat magnam.', 'https://www.youtube.com/embed/xJXbDLlGDWk', 'https://img.youtube.com/vi/xJXbDLlGDWk/1.jpg', 'https://img.youtube.com/vi/xJXbDLlGDWk/0.jpg', 'https://img.youtube.com/vi/xJXbDLlGDWk/0.jpg', 'Maxime dolore aperiam et iusto quia. Incidunt aut eum non similique voluptatem culpa.', '<p>Nisi ex placeat nemo voluptatibus similique fugiat. Unde ipsa totam qui itaque optio soluta omnis. Blanditiis dolorum sint eveniet est ipsum laborum. Error sint aut corrupti ut. Sed ea eum quisquam debitis doloribus. Sit eos est labore rerum nemo voluptates. Dolor delectus et rerum quam. Mollitia libero qui eos perferendis accusamus accusantium et. Eaque vel sequi quae impedit.</p>', '2017-05-18 00:00:00', '2017-05-25 00:00:00', '2017-05-18 00:00:00', 91, 1, '2017-05-26 16:25:53', '2017-05-27 16:33:15'),
(6, 'aut-excepturi-inventore-eum-voluptate-voluptatum-consequatur', 'Aut excepturi inventore eum voluptate voluptatum consequatur.', 'https://www.youtube.com/embed/_BgrJ4k5FtE', 'https://img.youtube.com/vi/_BgrJ4k5FtE/1.jpg', 'https://img.youtube.com/vi/_BgrJ4k5FtE/0.jpg', 'https://img.youtube.com/vi/_BgrJ4k5FtE/0.jpg', 'Quos molestiae unde rerum mollitia. Distinctio non accusantium in iure iure sed.', '<p>Ut accusantium totam omnis doloremque voluptatem. Omnis consequuntur ipsa nostrum aut. Nostrum molestiae totam reprehenderit voluptatem dolor et similique labore. Fugit veniam officia impedit et. Corrupti fuga quibusdam adipisci ea. Neque saepe repellat consequatur distinctio et. Veniam voluptatem est et et quas. Reiciendis nihil sit suscipit aperiam enim quas. Commodi fugit cum facere quos similique. Consectetur deleniti ullam delectus.</p>', '2017-05-22 00:00:00', '2017-04-29 00:00:00', '2017-05-22 00:00:00', 57, 0, '2017-05-26 16:25:53', '2017-05-27 16:33:12'),
(7, 'ut-eaque-explicabo-dolores-exercitationem-cum-consequatur-quam', 'Ut eaque explicabo dolores exercitationem cum consequatur quam.', 'https://www.youtube.com/embed/MystNYVnbaI', 'https://img.youtube.com/vi/MystNYVnbaI/1.jpg', 'https://img.youtube.com/vi/MystNYVnbaI/0.jpg', 'https://img.youtube.com/vi/MystNYVnbaI/0.jpg', 'Facere iure expedita est quia impedit natus. Inventore in autem eum. Eligendi quia sit ut.', '<p>Aliquam quia rem voluptatem numquam omnis. Minus aperiam sed magnam. Exercitationem officiis ex velit qui odio id numquam sapiente. Animi reprehenderit numquam est ipsam dolorum quo ut. Vel nihil aut nam necessitatibus. Itaque earum autem magni id voluptatem dolor aut. Ut rerum voluptatem est sed non. Modi qui occaecati et laborum neque sit laborum. Non quidem suscipit possimus laborum. Omnis qui saepe dolores reprehenderit.</p>', '2017-05-04 00:00:00', '2017-05-14 00:00:00', '2017-05-04 00:00:00', 17, 1, '2017-05-26 16:25:53', '2017-05-27 16:33:08'),
(8, 'tempore-sunt-labore-voluptates', 'Tempore sunt labore voluptates.', 'https://www.youtube.com/embed/tQW4z0VGkIQ', 'https://img.youtube.com/vi/tQW4z0VGkIQ/1.jpg', 'https://img.youtube.com/vi/tQW4z0VGkIQ/0.jpg', 'https://img.youtube.com/vi/tQW4z0VGkIQ/0.jpg', 'Eaque libero et incidunt. Ea qui rerum occaecati non pariatur similique.', '<p>Atque eos commodi vero quo. Qui rerum deserunt sed aliquid quod ullam iste. Sequi vitae possimus deserunt voluptate earum doloribus. Occaecati voluptas pariatur unde ex doloremque enim. Illum culpa est hic nostrum beatae occaecati. Repellat nemo dicta ut tenetur sed. Praesentium impedit labore culpa ex mollitia non ipsam soluta. Quo voluptatem distinctio eaque impedit cupiditate quam eos. Dolores quis nisi eligendi cupiditate aut quidem in.</p>', '2017-05-17 00:00:00', '2017-05-20 00:00:00', '2017-05-17 00:00:00', 29, 0, '2017-05-26 16:25:53', '2017-05-27 16:33:04'),
(9, 'aut-quis-praesentium-odit-aspernatur-veniam-accusamus-soluta-quia', 'Aut quis praesentium odit aspernatur veniam accusamus soluta quia.', 'https://www.youtube.com/embed/aPV6iJBcSoE', 'https://img.youtube.com/vi/aPV6iJBcSoE/1.jpg', 'https://img.youtube.com/vi/aPV6iJBcSoE/0.jpg', 'https://img.youtube.com/vi/aPV6iJBcSoE/0.jpg', 'Earum corporis quisquam voluptas ut est. Qui dolor minus autem.', '<p>Rerum repellendus occaecati omnis eligendi. Molestias animi sint quo fugiat quisquam fuga voluptatem non. Et distinctio sequi labore explicabo voluptas. Commodi quos et ut qui. Natus architecto facere omnis dolorem ut suscipit dolorum. Eius et totam et dolores maxime vel qui. Accusantium quis dolores molestiae et quia quaerat dolorum nostrum. Magnam autem enim sunt incidunt sunt laboriosam molestias. Perspiciatis officia omnis quo molestias. Unde cum earum ad id. Veniam alias quis numquam.</p>', '2017-05-19 00:00:00', '2017-05-15 00:00:00', '2017-05-19 00:00:00', 75, 0, '2017-05-26 16:25:53', '2017-05-27 16:33:00'),
(10, 'ex-earum-quia-ut-ad', 'Ex earum quia ut ad.', 'https://www.youtube.com/embed/om3FByFyvkk', 'https://img.youtube.com/vi/om3FByFyvkk/1.jpg', 'https://img.youtube.com/vi/om3FByFyvkk/0.jpg', 'https://img.youtube.com/vi/om3FByFyvkk/0.jpg', 'Qui non perferendis asperiores tenetur voluptas consequatur eligendi. Ut velit libero possimus.', '<p>Sunt deserunt velit qui et omnis sit omnis. Iure et nostrum vel numquam. In iste voluptas placeat eius. Ratione voluptate impedit delectus nihil. Repellendus eum sequi molestiae quas aut praesentium quam. Qui dolorem voluptas ipsum natus dolores voluptas voluptatum et. Dolorum fuga temporibus voluptatem ipsam repudiandae saepe. Consectetur in aut illum sit assumenda. Velit praesentium labore qui. Quod debitis voluptatem iure quo voluptatem. Voluptate accusamus itaque rerum autem voluptas dicta.</p>', '2017-04-29 00:00:00', '2017-05-10 00:00:00', '2017-04-29 00:00:00', 18, 0, '2017-05-26 16:25:53', '2017-05-27 16:32:56'),
(11, 'deserunt-libero-nihil-magni-ab-eum-asperiores', 'Deserunt libero nihil magni ab eum asperiores.', 'https://www.youtube.com/embed/2VdwgocZbgk', 'https://img.youtube.com/vi/2VdwgocZbgk/1.jpg', 'https://img.youtube.com/vi/2VdwgocZbgk/0.jpg', 'https://img.youtube.com/vi/2VdwgocZbgk/0.jpg', 'Omnis non id deserunt exercitationem nemo officiis. Nihil aut optio reprehenderit est dolorum.', '<p>Voluptatem harum quis iste et ipsa quidem. Eveniet ad doloremque quo eveniet quos aspernatur repellendus. Sit aut dicta dolorem quia impedit nihil excepturi. Optio cupiditate sint adipisci maiores inventore. Id aut qui ut nesciunt. Exercitationem ut ut est voluptatem doloribus ut. Blanditiis assumenda sunt officia dolorum et distinctio. Dolore illo accusantium voluptas esse asperiores. Et ut est voluptas et at.</p>', '2017-05-03 00:00:00', '2017-05-21 00:00:00', '2017-05-03 00:00:00', 100, 1, '2017-05-26 16:25:53', '2017-05-27 16:32:52'),
(12, 'vitae-adipisci-eum-non-saepe-voluptatibus-recusandae-magni', 'Vitae adipisci eum non saepe voluptatibus recusandae magni.', 'https://www.youtube.com/embed/Yk8PNl05EJE', 'https://img.youtube.com/vi/Yk8PNl05EJE/1.jpg', 'https://img.youtube.com/vi/Yk8PNl05EJE/0.jpg', 'https://img.youtube.com/vi/Yk8PNl05EJE/0.jpg', 'Corrupti illo eveniet similique in. Praesentium fugit architecto modi cum commodi autem.', '<p>Ex itaque excepturi fugiat vero. Nihil excepturi rerum iure harum aut error vel voluptas. Quia et et amet voluptatem voluptates. Eos ullam exercitationem occaecati sed aut praesentium. Temporibus ratione et et sunt. Sit rerum voluptatem quia deleniti rem possimus sit porro. Sapiente nam aliquid ducimus eveniet recusandae illo molestiae. Doloribus animi similique iusto.</p>', '2017-05-01 00:00:00', '2017-04-28 00:00:00', '2017-05-01 00:00:00', 14, 1, '2017-05-26 16:25:53', '2017-05-27 16:32:48'),
(13, 'nesciunt-dolores-omnis-sunt-sunt-voluptatem-omnis-ea', 'Nesciunt dolores omnis sunt sunt voluptatem omnis ea.', 'https://www.youtube.com/embed/PjHsB7ed1uM', 'https://img.youtube.com/vi/PjHsB7ed1uM/1.jpg', 'https://img.youtube.com/vi/PjHsB7ed1uM/0.jpg', 'https://img.youtube.com/vi/PjHsB7ed1uM/0.jpg', 'Qui et sit excepturi aliquam ut iusto. Earum libero ut qui ut et officia ratione.', '<p>Perferendis enim adipisci nemo dolor aut voluptatem consectetur. Non quod aliquam nulla eaque. Tenetur minima consequatur magnam sunt labore. Accusantium id modi sit velit. Eligendi sit ex cupiditate porro. Eum est sit officia quos sequi magnam. Sed nam provident doloribus amet voluptatum atque. Eaque reprehenderit necessitatibus commodi velit necessitatibus aspernatur non. Qui consequatur id fuga fuga. Minus vel voluptatem eveniet ut corporis.</p>', '2017-04-29 00:00:00', '2017-05-20 00:00:00', '2017-04-29 00:00:00', 12, 0, '2017-05-26 16:25:53', '2017-05-27 16:32:42'),
(14, 'vitae-et-omnis-et-consequatur-velit-qui-corporis', 'Vitae et omnis et consequatur velit qui corporis.', 'https://www.youtube.com/embed/9p7TiGx7b-4', 'https://img.youtube.com/vi/9p7TiGx7b-4/1.jpg', 'https://img.youtube.com/vi/9p7TiGx7b-4/0.jpg', 'https://img.youtube.com/vi/9p7TiGx7b-4/0.jpg', 'Vel facilis ab fugiat sapiente ut. Quia maiores laborum saepe ex aspernatur dolor sit quibusdam.', '<p>Ex facilis eos consequatur adipisci voluptas non. Quidem laudantium assumenda sint harum. Porro recusandae assumenda possimus enim ex enim aut. Sed sint dolor adipisci quis. Natus voluptatem et dolor sint aperiam inventore. Corrupti ipsum et enim harum in ut vel. Ad natus ut qui culpa fugit facere velit. Aperiam consectetur quia numquam impedit excepturi.</p>', '2017-04-29 00:00:00', '2017-05-12 00:00:00', '2017-04-29 00:00:00', 20, 0, '2017-05-26 16:25:53', '2017-05-27 16:32:35'),
(15, 'omnis-temporibus-voluptatibus-quo-inventore-vero-iure', 'Omnis temporibus voluptatibus quo inventore vero iure.', 'https://www.youtube.com/embed/vgr2y70Vlk0', 'https://img.youtube.com/vi/vgr2y70Vlk0/1.jpg', 'https://img.youtube.com/vi/vgr2y70Vlk0/0.jpg', 'https://img.youtube.com/vi/vgr2y70Vlk0/0.jpg', 'Omnis dignissimos nihil fugit harum. Et ea soluta ad omnis est atque. Dolorem ad hic fuga et.', '<p>Sint dicta rerum asperiores tempora. Asperiores quas illo cum deserunt. Amet labore quidem non nulla praesentium accusamus dolorum nesciunt. Qui ullam ut ducimus aut illo quae officiis. Et illo cupiditate et est rerum eum iure. Illo voluptatibus est ab quos est. Dolor ut commodi facilis dolores. Molestiae cum quos esse dolore incidunt. Qui voluptate sit est quia voluptatem itaque.</p>', '2017-05-02 00:00:00', '2017-05-05 00:00:00', '2017-05-02 00:00:00', 24, 1, '2017-05-26 16:25:53', '2017-05-27 16:32:30'),
(16, 'quis-voluptate-quo-dolores-corporis-qui-animi', 'Quis voluptate quo dolores corporis qui animi.', 'https://www.youtube.com/embed/uQ763VvqiEM', 'https://img.youtube.com/vi/uQ763VvqiEM/1.jpg', 'https://img.youtube.com/vi/uQ763VvqiEM/0.jpg', 'https://img.youtube.com/vi/uQ763VvqiEM/0.jpg', 'Quam expedita et et iste. Odio omnis ut voluptatem aut. Aut enim optio totam pariatur vero.', '<p>Qui exercitationem dicta vitae laborum rerum. Hic et culpa est explicabo corrupti modi cumque. Odio eum accusamus assumenda nihil sapiente quidem. Voluptatum repellat commodi quo molestias odit voluptate. Ipsam et odit fuga numquam hic voluptatibus iste distinctio. Quia nulla voluptas commodi aut rerum labore. Dolorem eius tenetur quasi asperiores accusamus sit. Nihil et voluptatem eligendi iure aut quibusdam quibusdam.</p>', '2017-05-25 00:00:00', '2017-04-29 00:00:00', '2017-05-25 00:00:00', 4, 1, '2017-05-26 16:25:53', '2017-05-27 16:32:21'),
(17, 'nobis-rerum-non-id-facilis-quas-iure-dolores', 'Nobis rerum non id facilis quas iure dolores.', 'https://www.youtube.com/embed/FNxD8nRCCms', 'https://img.youtube.com/vi/FNxD8nRCCms/1.jpg', 'https://img.youtube.com/vi/FNxD8nRCCms/0.jpg', 'https://img.youtube.com/vi/FNxD8nRCCms/0.jpg', 'Corporis cumque provident autem. Et est suscipit aut ut officia.', '<p>Alias odit doloribus provident. Necessitatibus laudantium perferendis repellendus ut. Assumenda qui error omnis totam doloribus. Ipsa est qui veniam sit. Est eum molestiae deleniti neque ad aliquid blanditiis. Vel et a quo consequatur. Ipsum soluta voluptas maxime ducimus. Nulla facilis voluptate eos provident ducimus. Eum dolores dolores nobis quo et. Libero neque corrupti dolor cupiditate exercitationem sed omnis. Cupiditate temporibus voluptatum officia voluptate numquam.</p>', '2017-05-10 00:00:00', '2017-05-06 00:00:00', '2017-05-10 00:00:00', 97, 1, '2017-05-26 16:25:53', '2017-05-27 16:28:23'),
(18, 'repellendus-dignissimos-unde-sit-enim', 'Repellendus dignissimos unde sit enim.', 'https://www.youtube.com/embed/2eliQ_KR8yA', 'https://img.youtube.com/vi/2eliQ_KR8yA/1.jpg', 'https://img.youtube.com/vi/2eliQ_KR8yA/0.jpg', 'https://img.youtube.com/vi/2eliQ_KR8yA/0.jpg', 'Quo autem et nam dolorum. Beatae totam et ut. Officia quae doloribus nihil corporis.', '<p>Ratione animi ipsam sapiente aut non. Voluptates doloribus sed qui porro molestiae necessitatibus eveniet sit. Eveniet voluptatem et consequatur mollitia sapiente. Voluptatem qui quia voluptatibus et fugit inventore et magnam. Dolorem sunt nihil corporis voluptatem quia nam magni. Ratione error aut sunt praesentium cumque. Quia consequatur neque alias. Eveniet vitae laboriosam sed architecto. Autem enim aliquam distinctio pariatur.</p>', '2017-04-30 00:00:00', '2017-05-05 00:00:00', '2017-04-30 00:00:00', 84, 0, '2017-05-26 16:25:53', '2017-05-27 16:28:15'),
(19, 'voluptatem-qui-at-vitae-possimus', 'Voluptatem qui at vitae possimus.', 'https://www.youtube.com/embed/gvaSWDIv-B4', 'https://img.youtube.com/vi/gvaSWDIv-B4/1.jpg', 'https://img.youtube.com/vi/gvaSWDIv-B4/0.jpg', 'https://img.youtube.com/vi/gvaSWDIv-B4/0.jpg', 'In quaerat voluptas ut ex. Magnam atque dolorem optio minus unde optio.', '<p>Omnis similique totam vel voluptas. Esse porro placeat vel blanditiis numquam officiis. Ut aut aut qui quis. Nisi qui id provident aliquid similique. Delectus praesentium maxime et eum rem inventore minus vel. Exercitationem possimus vel doloremque quae. Nobis aut id id. Quia quisquam odio ea fugiat. Voluptas eaque cum qui. Rem dicta eligendi non facere. Veritatis sit perspiciatis laborum rerum voluptas natus vitae. Vitae aliquam sunt et reiciendis. Non perspiciatis molestias quam eos et.</p>', '2017-05-17 00:00:00', '2017-05-25 00:00:00', '2017-05-17 00:00:00', 72, 0, '2017-05-26 16:25:53', '2017-05-27 16:28:08'),
(20, 'et-esse-veniam-quae-earum-incidunt-id-qui', 'Et esse veniam quae earum incidunt id qui.', 'https://www.youtube.com/embed/-9NOs3yN0Ao', 'https://img.youtube.com/vi/-9NOs3yN0Ao/1.jpg', 'https://img.youtube.com/vi/-9NOs3yN0Ao/0.jpg', 'https://img.youtube.com/vi/-9NOs3yN0Ao/0.jpg', 'Quod exercitationem a odio esse. Suscipit odio et repellat magnam nostrum expedita iste.', '<p>Omnis hic rerum minus accusantium. Reprehenderit officia distinctio sint voluptas hic minima. Temporibus et nesciunt voluptatem quaerat ut. Qui nihil molestias quos. A omnis molestiae eius et et qui enim. Fugit soluta quisquam praesentium velit eum ad aut. Qui sunt molestias eos qui dolorum. Explicabo optio rerum assumenda iure dolor vitae consequatur reiciendis. Vero tenetur vitae vitae dicta rerum voluptas labore. Velit temporibus et quaerat.</p>', '2017-05-02 00:00:00', '2017-04-28 00:00:00', '2017-05-02 00:00:00', 38, 0, '2017-05-26 16:25:53', '2017-05-27 16:28:00'),
(21, 'donec-rutrum-congue-leo-eget-malesuada', 'Donec rutrum congue leo eget malesuada', 'https://www.youtube.com/embed/i0uZFybImJo', 'https://img.youtube.com/vi/i0uZFybImJo/1.jpg', 'https://img.youtube.com/vi/i0uZFybImJo/0.jpg', 'https://img.youtube.com/vi/i0uZFybImJo/0.jpg', 'Nulla porttitor accumsan tincidunt. Donec rutrum congue leo eget malesuada. Lorem ipsum dolor sit amet,', '<p>Pellentesque in ipsum id orci porta dapibus. Pellentesque in ipsum id orci porta dapibus. Vivamus magna justo, lacinia eget consectetur sed, convallis at tellus. Cras ultricies ligula sed magna dictum porta. Vestibulum ac diam sit amet quam vehicula elementum sed sit amet dui. Quisque velit nisi, pretium ut lacinia in, elementum id enim. Pellentesque in ipsum id orci porta dapibus. Donec sollicitudin molestie malesuada. Quisque velit nisi, pretium ut lacinia in, elementum id enim. Vestibulum ante ipsum primis in faucibus orci luctus et ultrices posuere cubilia Curae; Donec velit neque, auctor sit amet aliquam vel, ullamcorper sit amet ligula.</p>', '2017-05-25 00:00:00', '2017-06-01 00:00:00', '2017-05-25 00:00:00', 2, 1, '2017-05-26 17:07:48', '2017-05-27 16:27:53'),
(22, 'sed-porttitor-lectus-nibh-sed-porttitor-lectus-nibh', 'Sed porttitor lectus nibh. Sed porttitor lectus nibh', 'https://www.youtube.com/embed/yPH5ww2aRhI', 'https://img.youtube.com/vi/yPH5ww2aRhI/1.jpg', 'https://img.youtube.com/vi/yPH5ww2aRhI/0.jpg', 'https://img.youtube.com/vi/yPH5ww2aRhI/0.jpg', 'Praesent sapien massa, convallis a pellentesque nec, egestas non nisi. Lorem ipsum dolor sit amet, consectetur adipiscing elit.', '<p>Nulla quis lorem ut libero malesuada feugiat. Proin eget tortor risus. Proin eget tortor risus. Nulla porttitor accumsan tincidunt. Curabitur aliquet quam id dui posuere blandit. Praesent sapien massa, convallis a pellentesque nec, egestas non nisi. Nulla quis lorem ut libero malesuada feugiat. Lorem ipsum dolor sit amet, consectetur adipiscing elit. Curabitur aliquet quam id dui posuere blandit. Vivamus suscipit tortor eget felis porttitor volutpat.</p>', '2017-05-25 00:00:00', '2017-06-01 00:00:00', '2017-05-25 00:00:00', 3, 0, '2017-05-26 17:08:48', '2017-05-27 16:27:46'),
(23, 'testing-title', 'Testing title', 'https://www.youtube.com/embed/ntj6iBD_D_Y', 'https://img.youtube.com/vi/ntj6iBD_D_Y/1.jpg', 'https://img.youtube.com/vi/ntj6iBD_D_Y/0.jpg', 'https://img.youtube.com/vi/ntj6iBD_D_Y/0.jpg', 'TGest', '<p>test er es resse res</p>', '2017-05-29 00:00:00', '2017-06-09 00:00:00', '2017-05-29 00:00:00', 100, 1, '2017-05-27 14:59:08', '2017-05-27 16:27:39'),
(24, 'donec-rutrum-congue-leo-eget-malesuada-1', 'Donec rutrum congue leo eget malesuada', 'https://www.youtube.com/embed/hmJLDo8nhP4', 'https://img.youtube.com/vi/hmJLDo8nhP4/1.jpg', 'https://img.youtube.com/vi/hmJLDo8nhP4/0.jpg', 'https://img.youtube.com/vi/hmJLDo8nhP4/0.jpg', 'Curabitur non nulla sit amet nisl tempus convallis quis ac lectus. Nulla quis lorem ut libero malesuada feugiat', '<p>Curabitur non nulla sit amet nisl tempus convallis quis ac lectus. Nulla quis lorem ut libero malesuada feugiat. Donec rutrum congue leo eget malesuada. Proin eget tortor risus. Quisque velit nisi, pretium ut lacinia in, elementum id enim. Quisque velit nisi, pretium ut lacinia in, elementum id enim. Donec rutrum congue leo eget malesuada. Cras ultricies ligula sed magna dictum porta. Curabitur non nulla sit amet nisl tempus convallis quis ac lectus. Curabitur arcu erat, accumsan id imperdiet et, porttitor at sem.</p>', '2017-05-27 00:00:00', '2017-05-30 00:00:00', '2017-05-27 00:00:00', 5, 1, '2017-05-27 15:56:48', '2017-05-27 16:27:11');

--
-- Indexes for dumped tables
--

--
-- Indexes for table `categories`
--
ALTER TABLE `categories`
  ADD PRIMARY KEY (`id`);

--
-- Indexes for table `category_post`
--
ALTER TABLE `category_post`
  ADD PRIMARY KEY (`id`),
  ADD KEY `category_post_category_id_index` (`category_id`),
  ADD KEY `category_post_post_id_index` (`post_id`);

--
-- Indexes for table `category_video`
--
ALTER TABLE `category_video`
  ADD PRIMARY KEY (`id`),
  ADD KEY `category_video_category_id_index` (`category_id`),
  ADD KEY `category_video_video_id_index` (`video_id`);

--
-- Indexes for table `migrations`
--
ALTER TABLE `migrations`
  ADD PRIMARY KEY (`id`);

--
-- Indexes for table `password_resets`
--
ALTER TABLE `password_resets`
  ADD KEY `password_resets_email_index` (`email`);

--
-- Indexes for table `posts`
--
ALTER TABLE `posts`
  ADD PRIMARY KEY (`id`);

--
-- Indexes for table `roles`
--
ALTER TABLE `roles`
  ADD PRIMARY KEY (`id`);

--
-- Indexes for table `users`
--
ALTER TABLE `users`
  ADD PRIMARY KEY (`id`);

--
-- Indexes for table `user_metas`
--
ALTER TABLE `user_metas`
  ADD PRIMARY KEY (`id`),
  ADD KEY `user_metas_user_id_foreign` (`user_id`);

--
-- Indexes for table `videos`
--
ALTER TABLE `videos`
  ADD PRIMARY KEY (`id`);

--
-- AUTO_INCREMENT for dumped tables
--

--
-- AUTO_INCREMENT for table `categories`
--
ALTER TABLE `categories`
  MODIFY `id` int(10) UNSIGNED NOT NULL AUTO_INCREMENT, AUTO_INCREMENT=18;
--
-- AUTO_INCREMENT for table `category_post`
--
ALTER TABLE `category_post`
  MODIFY `id` int(10) UNSIGNED NOT NULL AUTO_INCREMENT, AUTO_INCREMENT=1273;
--
-- AUTO_INCREMENT for table `category_video`
--
ALTER TABLE `category_video`
  MODIFY `id` int(10) UNSIGNED NOT NULL AUTO_INCREMENT, AUTO_INCREMENT=90;
--
-- AUTO_INCREMENT for table `migrations`
--
ALTER TABLE `migrations`
  MODIFY `id` int(10) UNSIGNED NOT NULL AUTO_INCREMENT, AUTO_INCREMENT=16;
--
-- AUTO_INCREMENT for table `posts`
--
ALTER TABLE `posts`
  MODIFY `id` int(10) UNSIGNED NOT NULL AUTO_INCREMENT, AUTO_INCREMENT=772;
--
-- AUTO_INCREMENT for table `roles`
--
ALTER TABLE `roles`
  MODIFY `id` int(10) UNSIGNED NOT NULL AUTO_INCREMENT, AUTO_INCREMENT=3;
--
-- AUTO_INCREMENT for table `users`
--
ALTER TABLE `users`
  MODIFY `id` int(10) UNSIGNED NOT NULL AUTO_INCREMENT, AUTO_INCREMENT=2;
--
-- AUTO_INCREMENT for table `user_metas`
--
ALTER TABLE `user_metas`
  MODIFY `id` int(10) UNSIGNED NOT NULL AUTO_INCREMENT;
--
-- AUTO_INCREMENT for table `videos`
--
ALTER TABLE `videos`
  MODIFY `id` int(10) UNSIGNED NOT NULL AUTO_INCREMENT, AUTO_INCREMENT=25;
--
-- Constraints for dumped tables
--

--
-- Constraints for table `category_post`
--
ALTER TABLE `category_post`
  ADD CONSTRAINT `category_post_category_id_foreign` FOREIGN KEY (`category_id`) REFERENCES `categories` (`id`) ON DELETE CASCADE,
  ADD CONSTRAINT `category_post_post_id_foreign` FOREIGN KEY (`post_id`) REFERENCES `posts` (`id`) ON DELETE CASCADE;

--
-- Constraints for table `category_video`
--
ALTER TABLE `category_video`
  ADD CONSTRAINT `category_video_category_id_foreign` FOREIGN KEY (`category_id`) REFERENCES `categories` (`id`) ON DELETE CASCADE,
  ADD CONSTRAINT `category_video_video_id_foreign` FOREIGN KEY (`video_id`) REFERENCES `videos` (`id`) ON DELETE CASCADE;

--
-- Constraints for table `user_metas`
--
ALTER TABLE `user_metas`
  ADD CONSTRAINT `user_metas_user_id_foreign` FOREIGN KEY (`user_id`) REFERENCES `users` (`id`) ON DELETE CASCADE;

/*!40101 SET CHARACTER_SET_CLIENT=@OLD_CHARACTER_SET_CLIENT */;
/*!40101 SET CHARACTER_SET_RESULTS=@OLD_CHARACTER_SET_RESULTS */;
/*!40101 SET COLLATION_CONNECTION=@OLD_COLLATION_CONNECTION */;
